Numéro;Type;Surface;Année;Cod Cause;CodeDfci
1527;Feu de végétation;1;30/10/2021;5;AF_1
1522;Feu de végétation;1;12/08/2020;22;AD_2
1500;Feu de végétation;10;26/04/2021;17;AD_2
1497;Feu de végétation;10;26/02/2021;3;AD_2
1523;Feu de végétation;1;19/09/2020;13;AD_1
1491;Feu de végétation;10;16/08/2020;4;AD_2
1521;Feu de végétation;1;26/06/2020;7;AB_2
1520;Feu de végétation;1;27/05/2020;13;AB_1
1519;Feu de végétation;1;22/05/2020;6;AB_1
1518;Feu de végétation;1;24/04/2020;4;AB_2
1517;Feu de végétation;1;24/04/2020;7;AB_1
1516;Feu de végétation;1;15/03/2020;10;AB_2
1487;Feu de végétation;10;04/08/2020;22;AD_2
1470;Feu de végétation;10;11/10/2019;16;AD_2
1513;Feu de végétation;1;09/08/2019;9;AG_1
1512;Feu de végétation;1;01/08/2019;13;AG_1
1511;Feu de végétation;1;01/08/2019;3;AE_1
1467;Feu de végétation;10;22/08/2019;1;AD_2
1465;Feu de végétation;10;22/07/2019;1;AD_2
1508;Feu de végétation;1;12/03/2019;21;AG_1
1464;Feu de végétation;10;06/07/2019;1;AD_2
1439;Feu de végétation;10;07/05/2018;11;AD_2
1505;Feu de végétation;1;27/07/2018;16;AD_1
1504;Feu de végétation;1;04/06/2018;8;AE_1
1436;Feu de végétation;10;07/04/2018;11;AD_2
1404;Feu de broussaille;100;05/09/2019;10;AD_2
1401;Feu de broussaille;100;25/07/2019;18;AD_2
1396;Feu de broussaille;100;14/05/2019;3;AD_2
1499;Feu de végétation;10;14/04/2021;2;AD_1
1498;Feu de végétation;10;10/03/2021;22;AE_1
1388;Feu de broussaille;100;03/03/2019;3;AD_2
1496;Feu de végétation;10;01/11/2020;6;AE_1
1495;Feu de végétation;10;16/09/2020;2;AC_2
1494;Feu de végétation;10;11/09/2020;12;AD_1
1493;Feu de végétation;10;06/09/2020;11;AD_1
1492;Feu de végétation;10;05/09/2020;2;AD_1
1379;Feu de broussaille;100;04/10/2018;15;AD_2
1490;Feu de végétation;10;14/08/2020;17;AD_1
1369;Feu de broussaille;100;22/07/2018;14;AD_2
1488;Feu de végétation;10;09/08/2020;20;AG_1
1360;Feu de forêt;1000;23/04/2021;4;AD_2
1486;Feu de végétation;10;01/08/2020;16;AG_1
1354;Feu de forêt;1000;22/03/2021;21;AD_2
1347;Feu de forêt;1000;24/07/2020;18;AD_2
1345;Feu de forêt;1000;12/07/2020;1;AD_2
1482;Feu de végétation;10;09/07/2020;21;AL_1
1339;Feu de forêt;1000;18/09/2019;14;AD_2
1338;Feu de forêt;1000;15/09/2019;12;AD_2
1479;Feu de végétation;10;31/05/2020;11;AC_2
1478;Feu de végétation;10;30/05/2020;9;AC_2
1477;Feu de végétation;10;19/05/2020;6;AG_1
1476;Feu de végétation;10;26/04/2020;14;AF_1
1475;Feu de végétation;10;10/04/2020;1;AC_2
1337;Feu de forêt;1000;12/09/2019;18;AD_2
1336;Feu de forêt;1000;06/09/2019;7;AD_2
1472;Feu de végétation;10;24/02/2020;3;AD_1
1471;Feu de végétation;10;12/02/2020;13;AD_1
1332;Feu de forêt;1000;31/08/2019;8;AD_2
1326;Feu de forêt;1000;22/07/2019;4;AD_2
1468;Feu de végétation;10;30/08/2019;19;AE_1
1310;Feu de forêt;1000;03/03/2019;1;AD_2
1466;Feu de végétation;10;08/08/2019;9;AD_1
1309;Feu de forêt;1000;26/02/2019;18;AD_2
1305;Feu de forêt;1000;04/09/2018;19;AD_2
1463;Feu de végétation;10;05/07/2019;3;AE_1
1462;Feu de végétation;10;19/06/2019;16;AD_1
1295;Feu de forêt;10000;27/08/2021;13;AD_2
1460;Feu de végétation;10;01/06/2019;5;AI_2
1289;Feu de forêt;10000;29/03/2021;17;AD_2
1287;Feu de forêt;10000;26/03/2021;22;AD_2
1457;Feu de végétation;10;28/03/2019;16;AB_2
1456;Feu de végétation;10;25/03/2019;6;AG_1
1455;Feu de végétation;10;23/03/2019;14;AG_1
1454;Feu de végétation;10;16/03/2019;16;AD_1
1453;Feu de végétation;10;04/03/2019;22;AD_1
1452;Feu de végétation;10;03/03/2019;20;AE_1
1451;Feu de végétation;10;02/03/2019;14;AE_1
1284;Feu de forêt;10000;09/03/2021;1;AD_2
1449;Feu de végétation;10;17/02/2019;16;AD_1
1448;Feu de végétation;10;16/02/2019;11;AD_1
1447;Feu de végétation;10;02/10/2018;8;AD_1
1446;Feu de végétation;10;30/09/2018;12;AE_1
1283;Feu de forêt;10000;02/03/2021;7;AD_2
1444;Feu de végétation;10;28/08/2018;6;AH_1
1443;Feu de végétation;10;08/08/2018;13;AF_1
1442;Feu de végétation;10;24/07/2018;5;AD_1
1441;Feu de végétation;10;15/07/2018;19;AD_1
1440;Feu de végétation;10;01/07/2018;5;AE_1
1281;Feu de forêt;10000;24/02/2021;20;AD_2
1438;Feu de végétation;10;24/04/2018;15;AD_1
1437;Feu de végétation;10;13/04/2018;3;AD_1
1275;Feu de forêt;10000;10/09/2020;3;AD_2
1270;Feu de forêt;10000;01/09/2020;14;AD_2
1434;Feu de broussaille;100;25/10/2021;5;AI_1
1433;Feu de broussaille;100;09/09/2021;7;AL_2
1432;Feu de broussaille;100;19/08/2021;5;AG_1
1431;Feu de broussaille;100;28/06/2021;5;AG_1
1430;Feu de broussaille;100;02/05/2021;6;AG_1
1429;Feu de broussaille;100;01/04/2021;21;AD_1
1428;Feu de broussaille;100;24/03/2021;18;AD_1
1427;Feu de broussaille;100;17/03/2021;1;AA_1
1426;Feu de broussaille;100;26/02/2021;3;AF_1
1425;Feu de broussaille;100;18/09/2020;2;AC_2
1424;Feu de broussaille;100;05/09/2020;1;AB_1
1423;Feu de broussaille;100;17/08/2020;8;AG_1
1422;Feu de broussaille;100;09/08/2020;3;AL_2
1421;Feu de broussaille;100;08/08/2020;7;AC_1
1420;Feu de broussaille;100;07/08/2020;4;AH_1
1246;Feu de forêt;10000;18/09/2019;18;AD_2
1240;Feu de forêt;10000;30/08/2019;4;AD_2
1417;Feu de broussaille;100;22/07/2020;15;AK_2
1416;Feu de broussaille;100;21/07/2020;4;AB_1
1415;Feu de broussaille;100;20/07/2020;20;AB_1
1414;Feu de broussaille;100;10/07/2020;15;AI_1
1413;Feu de broussaille;100;23/06/2020;5;AG_1
1412;Feu de broussaille;100;20/06/2020;20;AD_1
1411;Feu de broussaille;100;01/06/2020;12;AE_1
1410;Feu de broussaille;100;29/03/2020;1;AG_1
1409;Feu de broussaille;100;25/03/2020;15;AC_1
1408;Feu de broussaille;100;13/10/2019;4;AB_1
1407;Feu de broussaille;100;11/10/2019;10;AD_1
1406;Feu de broussaille;100;11/10/2019;5;AC_2
1405;Feu de broussaille;100;08/10/2019;17;AC_1
1231;Feu de forêt;10000;17/07/2019;1;AD_2
1225;Feu de forêt;10000;30/05/2019;6;AD_2
1402;Feu de broussaille;100;25/07/2019;12;AD_1
1212;Feu de forêt;10000;28/09/2018;4;AD_2
1211;Feu de forêt;10000;20/09/2018;6;AD_2
1399;Feu de broussaille;100;16/07/2019;12;AB_1
1398;Feu de broussaille;100;11/07/2019;12;AD_1
1397;Feu de broussaille;100;10/07/2019;4;AL_2
1210;Feu de forêt;10000;17/09/2018;3;AD_2
1395;Feu de broussaille;100;06/05/2019;11;AI_2
1394;Feu de broussaille;100;05/04/2019;12;AB_1
1208;Feu de forêt;10000;03/09/2018;11;AD_2
1201;Feu de forêt;10000;24/07/2018;1;AD_2
1195;Feu de forêt;100000;15/04/2021;10;AD_2
1390;Feu de broussaille;100;16/03/2019;16;AC_1
1389;Feu de broussaille;100;03/03/2019;8;AA_2
1189;Feu de forêt;100000;16/09/2019;2;AD_2
1387;Feu de broussaille;100;26/02/2019;4;AK_1
1386;Feu de broussaille;100;25/02/2019;15;AL_2
1385;Feu de broussaille;100;23/02/2019;21;AI_2
1384;Feu de broussaille;100;17/02/2019;3;AB_2
1383;Feu de broussaille;100;17/02/2019;20;AC_2
1382;Feu de broussaille;100;16/02/2019;19;AA_1
1381;Feu de broussaille;100;15/02/2019;16;AA_2
1380;Feu de broussaille;100;14/02/2019;5;AB_1
1185;Feu de forêt;100000;22/02/2019;11;AD_2
1378;Feu de broussaille;100;30/09/2018;2;AA_2
1377;Feu de broussaille;100;18/09/2018;14;AL_2
1376;Feu de broussaille;100;17/09/2018;10;AK_2
1375;Feu de broussaille;100;18/08/2018;5;AA_1
1374;Feu de broussaille;100;08/08/2018;21;AC_2
1373;Feu de broussaille;100;07/08/2018;17;AK_2
1372;Feu de broussaille;100;06/08/2018;19;AC_1
1371;Feu de broussaille;100;02/08/2018;15;AL_1
1370;Feu de broussaille;100;29/07/2018;9;AA_1
1183;Feu de forêt;100200;04/03/2019;11;AD_2
1368;Feu de broussaille;100;01/06/2018;19;AL_1
1367;Feu de broussaille;100;27/04/2018;6;AK_2
1366;Feu de forêt;1000;29/08/2021;17;AL_1
1365;Feu de forêt;1000;27/08/2021;22;AD_1
1364;Feu de forêt;1000;11/08/2021;18;AF_1
1363;Feu de forêt;1000;23/07/2021;5;AA_1
1178;Feu de forêt;1030;17/08/2018;19;AD_2
1361;Feu de forêt;1000;27/05/2021;15;AD_1
1172;Feu de forêt;11300;10/04/2021;4;AD_2
1359;Feu de forêt;1000;22/04/2021;16;AE_1
1358;Feu de forêt;1000;19/04/2021;18;AE_1
1357;Feu de forêt;1000;08/04/2021;5;AB_2
1168;Feu de végétation;12;11/03/2019;4;AD_2
1355;Feu de forêt;1000;24/03/2021;5;AD_1
1165;Feu de forêt;1200;13/09/2020;8;AD_2
1353;Feu de forêt;1000;11/09/2020;21;AD_1
1352;Feu de forêt;1000;26/08/2020;18;AD_1
1351;Feu de forêt;1000;10/08/2020;10;AD_1
1350;Feu de forêt;1000;09/08/2020;5;AE_1
1349;Feu de forêt;1000;06/08/2020;19;AC_2
1348;Feu de forêt;1000;02/08/2020;4;AD_1
1157;Feu de forêt;12000;22/04/2021;10;AD_2
1346;Feu de forêt;1000;22/07/2020;19;AE_1
1145;Feu de forêt;13300;19/04/2021;3;AD_2
1143;Feu de forêt;1388;04/06/2019;17;AD_2
1343;Feu de forêt;1000;15/04/2020;12;AD_1
1342;Feu de forêt;1000;04/04/2020;4;AD_1
1341;Feu de forêt;1000;12/02/2020;5;AD_1
1140;Feu de forêt;140000;11/08/2020;4;AD_2
1133;Feu de végétation;15;24/03/2021;2;AD_2
1111;Feu de forêt;1500;14/04/2021;10;AD_2
1107;Feu de forêt;1500;17/09/2020;9;AD_2
1085;Feu de forêt;1500;27/02/2019;13;AD_2
1335;Feu de forêt;1000;05/09/2019;15;AD_1
1334;Feu de forêt;1000;04/09/2019;10;AJ_2
1333;Feu de forêt;1000;03/09/2019;11;AD_1
1077;Feu de forêt;1500;23/08/2018;19;AD_2
1331;Feu de forêt;1000;29/08/2019;22;AD_1
1330;Feu de forêt;1000;29/08/2019;17;AK_2
1329;Feu de forêt;1000;29/08/2019;16;AE_1
1328;Feu de forêt;1000;08/08/2019;5;AD_1
1327;Feu de forêt;1000;02/08/2019;17;AD_1
1058;Feu de forêt;15000;16/09/2019;16;AD_2
1325;Feu de forêt;1000;22/07/2019;10;AL_1
1324;Feu de forêt;1000;15/07/2019;11;AG_1
1054;Feu de forêt;15000;19/07/2019;16;AD_2
1322;Feu de forêt;1000;20/06/2019;14;AC_1
1321;Feu de forêt;1000;19/06/2019;10;AF_1
1046;Feu de forêt;15000;31/07/2018;1;AD_2
1042;Feu de forêt;15100;03/10/2018;16;AD_2
1318;Feu de forêt;1000;30/03/2019;17;AD_1
1317;Feu de forêt;1000;29/03/2019;8;AD_1
1316;Feu de forêt;1000;27/03/2019;7;AD_1
1315;Feu de forêt;1000;24/03/2019;18;AK_2
1314;Feu de forêt;1000;23/03/2019;6;AD_1
1313;Feu de forêt;1000;22/03/2019;11;AK_1
1312;Feu de forêt;1000;06/03/2019;6;AD_1
1311;Feu de forêt;1000;04/03/2019;1;AD_1
1024;Feu de forêt;1994;20/08/2021;13;AD_2
1021;Feu de végétation;2;13/03/2021;7;AD_2
1308;Feu de forêt;1000;26/09/2018;2;AH_1
1307;Feu de forêt;1000;15/09/2018;18;AD_1
1020;Feu de végétation;2;10/09/2020;4;AD_2
1019;Feu de végétation;2;03/08/2020;1;AD_2
1017;Feu de végétation;2;01/08/2020;21;AD_2
1303;Feu de forêt;1000;12/08/2018;9;AK_2
1302;Feu de forêt;1000;08/08/2018;12;AD_1
1301;Feu de forêt;1000;06/08/2018;3;AH_1
1300;Feu de forêt;1000;26/07/2018;8;AL_2
1009;Feu de végétation;20;13/07/2021;1;AD_2
1298;Feu de forêt;1000;10/07/2018;15;AD_1
1297;Feu de forêt;1000;08/03/2018;2;AK_2
1008;Feu de végétation;20;10/07/2021;1;AD_2
993;Feu de végétation;20;13/03/2020;20;AD_2
1294;Feu de forêt;10000;23/04/2021;20;AB_1
1293;Feu de forêt;10000;18/04/2021;9;AF_1
1292;Feu de forêt;10000;14/04/2021;6;AG_1
1291;Feu de forêt;10000;08/04/2021;18;AF_1
1290;Feu de forêt;10000;31/03/2021;9;AF_1
992;Feu de végétation;20;13/10/2019;16;AD_2
1288;Feu de forêt;10000;27/03/2021;16;AD_1
988;Feu de végétation;20;03/09/2019;7;AD_2
1286;Feu de forêt;10000;24/03/2021;7;AD_1
1285;Feu de forêt;10000;17/03/2021;11;AG_1
986;Feu de végétation;20;18/08/2019;15;AD_2
982;Feu de végétation;20;25/03/2019;10;AD_2
1282;Feu de forêt;10000;02/03/2021;4;AF_1
975;Feu de végétation;20;17/07/2018;16;AD_2
1280;Feu de forêt;10000;20/02/2021;16;AD_1
1279;Feu de forêt;10000;18/09/2020;10;AF_1
1278;Feu de forêt;10000;16/09/2020;19;AG_1
1277;Feu de forêt;10000;15/09/2020;8;AF_1
1276;Feu de forêt;10000;12/09/2020;20;AF_1
965;Feu de broussaille;200;18/04/2021;1;AD_2
964;Feu de broussaille;200;14/04/2021;20;AD_2
1273;Feu de forêt;10000;08/09/2020;17;AG_1
1272;Feu de forêt;10000;03/09/2020;20;AF_1
962;Feu de broussaille;200;02/04/2021;15;AD_2
957;Feu de broussaille;200;21/02/2021;20;AD_2
1269;Feu de forêt;10000;19/08/2020;19;AE_1
1268;Feu de forêt;10000;12/08/2020;8;AF_1
952;Feu de broussaille;200;30/07/2020;14;AD_2
1266;Feu de forêt;10000;11/08/2020;19;AD_1
1265;Feu de forêt;10000;11/08/2020;14;AF_1
1264;Feu de forêt;10000;10/08/2020;19;AG_1
939;Feu de broussaille;200;03/09/2019;11;AD_2
931;Feu de broussaille;200;09/07/2019;15;AD_2
1261;Feu de forêt;10000;05/08/2020;20;AG_1
1260;Feu de forêt;10000;03/08/2020;16;AE_1
1259;Feu de forêt;10000;31/07/2020;20;AB_2
1258;Feu de forêt;10000;30/07/2020;14;AD_1
926;Feu de broussaille;200;27/02/2019;18;AD_2
1256;Feu de forêt;10000;21/07/2020;6;AB_2
1255;Feu de forêt;10000;17/07/2020;13;AB_2
1254;Feu de forêt;10000;17/07/2020;13;AB_2
911;Feu de broussaille;200;11/03/2018;1;AD_2
1252;Feu de forêt;10000;10/04/2020;11;AG_1
1251;Feu de forêt;10000;09/04/2020;7;AE_1
909;Feu de forêt;2000;30/08/2021;12;AD_2
1249;Feu de forêt;10000;27/03/2020;18;AG_1
1248;Feu de forêt;10000;21/09/2019;13;AG_1
1247;Feu de forêt;10000;20/09/2019;5;AD_1
908;Feu de forêt;2000;06/06/2021;12;AD_2
1245;Feu de forêt;10000;17/09/2019;14;AE_1
900;Feu de forêt;2000;03/04/2021;6;AD_2
1243;Feu de forêt;10000;07/09/2019;16;AG_1
1242;Feu de forêt;10000;04/09/2019;8;AL_2
1241;Feu de forêt;10000;04/09/2019;16;AA_2
899;Feu de forêt;2000;30/03/2021;22;AD_2
897;Feu de forêt;2000;23/03/2021;20;AD_2
890;Feu de forêt;2000;09/08/2020;18;AD_2
889;Feu de forêt;2000;05/08/2020;22;AD_2
1236;Feu de forêt;10000;24/08/2019;21;AE_1
1235;Feu de forêt;10000;24/08/2019;11;AF_1
1234;Feu de forêt;10000;23/08/2019;10;AE_1
884;Feu de forêt;2000;01/06/2020;6;AD_2
869;Feu de forêt;2000;22/07/2019;3;AD_2
868;Feu de forêt;2000;21/07/2019;14;AD_2
1230;Feu de forêt;10000;16/07/2019;17;AH_1
1229;Feu de forêt;10000;15/07/2019;12;AC_2
1228;Feu de forêt;10000;12/07/2019;19;AK_2
1227;Feu de forêt;10000;10/07/2019;10;AK_1
1226;Feu de forêt;10000;04/07/2019;17;AG_1
852;Feu de forêt;2000;19/08/2018;12;AD_2
831;Feu de forêt;20000;16/09/2020;14;AD_2
825;Feu de forêt;20000;25/08/2020;3;AD_2
1222;Feu de forêt;10000;12/04/2019;19;AD_1
1221;Feu de forêt;10000;01/04/2019;20;AL_2
1220;Feu de forêt;10000;30/03/2019;17;AJ_1
1219;Feu de forêt;10000;27/03/2019;10;AL_2
822;Feu de forêt;20000;05/08/2020;18;AD_2
1217;Feu de forêt;10000;26/03/2019;2;AF_1
1216;Feu de forêt;10000;01/03/2019;7;AF_1
1215;Feu de forêt;10000;26/02/2019;14;AF_1
1214;Feu de forêt;10000;22/02/2019;20;AF_1
1213;Feu de forêt;10000;01/10/2018;17;AC_1
805;Feu de forêt;20000;20/08/2019;10;AD_2
800;Feu de forêt;20000;14/07/2019;6;AD_2
795;Feu de forêt;20000;30/03/2019;21;AD_2
1209;Feu de forêt;10000;05/09/2018;14;AD_1
788;Feu de forêt;20000;23/02/2019;22;AD_2
1207;Feu de forêt;10000;01/09/2018;1;AD_1
1206;Feu de forêt;10000;31/08/2018;13;AB_1
787;Feu de forêt;20000;25/10/2018;11;AD_2
1204;Feu de forêt;10000;30/08/2018;14;AH_1
1203;Feu de forêt;10000;06/08/2018;21;AL_2
1202;Feu de forêt;10000;03/08/2018;13;AH_1
784;Feu de forêt;20000;26/09/2018;12;AD_2
1200;Feu de forêt;10000;20/07/2018;1;AK_2
1199;Feu de forêt;10000;30/06/2018;5;AD_1
1198;Feu de forêt;10000;23/05/2018;4;AD_1
783;Feu de forêt;20000;26/09/2018;18;AD_2
1196;Feu de forêt;10000;09/03/2018;3;AD_1
780;Feu de forêt;20000;03/08/2018;7;AD_2
779;Feu de forêt;20000;27/07/2018;8;AD_2
1193;Feu de forêt;100000;17/05/2020;20;AA_2
1192;Feu de forêt;100000;15/04/2020;15;AA_1
1191;Feu de forêt;100000;16/02/2020;17;AC_1
774;Feu de forêt;200000;07/07/2019;4;AD_2
770;Feu de forêt;2066;17/08/2018;11;AD_2
1188;Feu de forêt;100000;06/09/2019;2;AH_1
1187;Feu de forêt;100000;04/03/2019;7;AH_1
769;Feu de forêt;206900;06/03/2019;8;AD_2
768;Feu de forêt;20800;19/09/2019;18;AD_2
1184;Feu de forêt;10001;07/04/2021;10;AB_2
762;Feu de forêt;2200;23/08/2019;1;AD_2
1182;Feu de forêt;10099;04/08/2019;17;AF_1
760;Feu de forêt;22500;28/07/2018;2;AD_2
1180;Feu de forêt;1018000;08/04/2021;8;AE_1
755;Feu de forêt;2400;03/03/2019;13;AD_2
749;Feu de forêt;2500;14/04/2021;5;AD_2
1177;Feu de forêt;10300;23/08/2019;22;AD_1
1176;Feu de forêt;10350;03/07/2019;14;AD_1
748;Feu de forêt;2500;08/04/2021;16;AD_2
1174;Feu de forêt;11000;28/07/2019;5;AE_1
1173;Feu de forêt;1110000;17/09/2020;1;AH_1
747;Feu de forêt;2500;17/09/2020;6;AD_2
1171;Feu de forêt;1150;05/08/2020;22;AE_1
1170;Feu de forêt;11800;08/08/2020;10;AD_1
722;Feu de forêt;25000;06/04/2021;14;AD_2
714;Feu de forêt;25000;26/09/2018;7;AD_2
1167;Feu de broussaille;120;31/05/2021;6;AK_2
1166;Feu de forêt;1200;18/09/2020;7;AB_1
698;Feu de végétation;30;02/11/2020;13;AD_2
691;Feu de végétation;30;07/04/2020;10;AD_2
687;Feu de végétation;30;16/07/2019;22;AD_2
1162;Feu de forêt;1200;29/08/2019;7;AB_2
1161;Feu de forêt;1200;15/05/2019;11;AD_1
1160;Feu de forêt;1200;14/05/2019;6;AF_1
684;Feu de végétation;30;23/03/2019;14;AD_2
1158;Feu de forêt;12000;08/10/2021;2;AC_2
682;Feu de végétation;30;19/07/2018;4;AD_2
1156;Feu de forêt;12000;05/08/2020;2;AD_1
1155;Feu de forêt;12000;22/07/2020;2;AD_1
1154;Feu de forêt;12000;02/08/2019;13;AI_2
1153;Feu de forêt;120000;12/09/2020;14;AF_1
1152;Feu de forêt;120000;16/08/2020;10;AE_1
1151;Feu de forêt;120000;28/03/2019;18;AC_2
679;Feu de broussaille;300;23/08/2021;13;AD_2
1149;Feu de forêt;13000;12/08/2020;11;AE_1
1148;Feu de forêt;13000;06/08/2020;6;AA_1
672;Feu de broussaille;300;27/03/2021;10;AD_2
1146;Feu de forêt;13000;30/08/2018;5;AE_1
669;Feu de broussaille;300;12/08/2020;15;AD_2
1144;Feu de forêt;1388;05/08/2019;11;AK_1
664;Feu de broussaille;300;26/06/2020;7;AD_2
1142;Feu de forêt;14000;27/05/2020;11;AE_1
1141;Feu de forêt;14000;03/10/2018;10;AE_1
663;Feu de broussaille;300;15/06/2020;20;AD_2
1139;Feu de forêt;1410;20/07/2019;7;AK_1
661;Feu de broussaille;300;25/03/2020;16;AD_2
1137;Feu de forêt;143100;18/04/2018;22;AD_1
1136;Feu de forêt;1450000;04/09/2019;20;AD_1
647;Feu de broussaille;300;30/03/2019;12;AD_2
1134;Feu de végétation;15;16/04/2021;2;AH_1
643;Feu de broussaille;300;26/02/2019;17;AD_2
1132;Feu de végétation;15;15/07/2020;20;AH_1
1131;Feu de végétation;15;13/10/2019;8;AE_1
1130;Feu de végétation;15;17/03/2019;4;AE_1
1129;Feu de végétation;15;19/12/2018;7;AE_1
1128;Feu de végétation;15;11/05/2018;7;AL_1
1127;Feu de végétation;15;16/04/2018;5;AL_2
1126;Feu de broussaille;150;02/04/2021;5;AA_2
1125;Feu de broussaille;150;01/06/2020;11;AH_1
622;Feu de forêt;3000;31/03/2021;13;AD_2
1123;Feu de broussaille;150;21/08/2019;18;AK_2
1122;Feu de broussaille;150;21/06/2019;12;AG_1
621;Feu de forêt;3000;01/03/2021;3;AD_2
1120;Feu de broussaille;150;23/03/2019;17;AC_1
1119;Feu de broussaille;150;26/02/2019;19;AL_2
1118;Feu de broussaille;150;02/10/2018;10;AA_1
1117;Feu de broussaille;150;30/08/2018;12;AB_2
1116;Feu de broussaille;150;30/08/2018;2;AG_1
1115;Feu de forêt;1500;26/08/2021;18;AG_1
1114;Feu de forêt;1500;24/04/2021;15;AE_1
1113;Feu de forêt;1500;19/04/2021;12;AI_2
1112;Feu de forêt;1500;17/04/2021;5;AD_1
620;Feu de forêt;3000;16/09/2020;5;AD_2
1110;Feu de forêt;1500;08/04/2021;15;AL_1
1109;Feu de forêt;1500;18/09/2020;10;AL_2
1108;Feu de forêt;1500;17/09/2020;16;AC_2
606;Feu de forêt;3000;24/06/2020;20;AD_2
1106;Feu de forêt;1500;16/08/2020;16;AD_1
1105;Feu de forêt;1500;05/08/2020;9;AI_2
1104;Feu de forêt;1500;21/07/2020;14;AL_2
1103;Feu de forêt;1500;12/07/2020;13;AA_2
604;Feu de forêt;3000;16/04/2020;2;AD_2
1101;Feu de forêt;1500;27/05/2020;9;AF_1
1100;Feu de forêt;1500;18/04/2020;17;AL_2
1099;Feu de forêt;1500;08/04/2020;9;AD_1
1098;Feu de forêt;1500;19/09/2019;16;AA_1
1097;Feu de forêt;1500;11/09/2019;12;AF_1
1096;Feu de forêt;1500;07/09/2019;9;AI_1
1095;Feu de forêt;1500;04/09/2019;11;AK_2
1094;Feu de forêt;1500;30/08/2019;9;AK_1
1093;Feu de forêt;1500;30/08/2019;19;AD_1
1092;Feu de forêt;1500;26/08/2019;22;AC_1
1091;Feu de forêt;1500;23/08/2019;12;AI_1
1090;Feu de forêt;1500;08/08/2019;5;AD_1
1089;Feu de forêt;1500;15/07/2019;21;AK_2
1088;Feu de forêt;1500;06/07/2019;18;AE_1
1087;Feu de forêt;1500;14/04/2019;17;AF_1
1086;Feu de forêt;1500;28/03/2019;16;AL_2
602;Feu de forêt;3000;13/04/2020;14;AD_2
1084;Feu de forêt;1500;20/02/2019;4;AI_2
1083;Feu de forêt;1500;05/10/2018;19;AK_1
1082;Feu de forêt;1500;04/10/2018;6;AF_1
1081;Feu de forêt;1500;12/09/2018;2;AG_1
1080;Feu de forêt;1500;10/09/2018;2;AF_1
597;Feu de forêt;3000;05/02/2020;5;AD_2
585;Feu de forêt;3000;13/07/2019;22;AD_2
576;Feu de forêt;3000;27/02/2019;9;AD_2
1076;Feu de forêt;1500;20/08/2018;13;AI_2
1075;Feu de forêt;1500;07/08/2018;22;AC_2
1074;Feu de forêt;1500;06/08/2018;15;AK_1
1073;Feu de forêt;15000;07/09/2021;20;AL_2
1072;Feu de forêt;15000;21/04/2021;2;AD_1
1071;Feu de forêt;15000;18/04/2021;16;AH_1
1070;Feu de forêt;15000;06/04/2021;9;AD_1
1069;Feu de forêt;15000;05/04/2021;8;AD_1
1068;Feu de forêt;15000;03/04/2021;19;AD_1
1067;Feu de forêt;15000;05/03/2021;7;AG_1
572;Feu de forêt;3000;22/08/2018;19;AD_2
1065;Feu de forêt;15000;14/09/2020;16;AC_1
1064;Feu de forêt;15000;03/09/2020;21;AL_1
1063;Feu de forêt;15000;07/08/2020;14;AL_2
1062;Feu de forêt;15000;06/08/2020;10;AF_1
571;Feu de forêt;3000;18/08/2018;19;AD_2
1060;Feu de forêt;15000;12/07/2020;17;AD_1
1059;Feu de forêt;15000;07/04/2020;21;AG_1
542;Feu de forêt;30000;21/08/2019;15;AD_2
1057;Feu de forêt;15000;24/08/2019;16;AG_1
1056;Feu de forêt;15000;21/08/2019;6;AC_1
1055;Feu de forêt;15000;25/07/2019;17;AC_1
534;Feu de forêt;30000;24/02/2019;16;AD_2
1053;Feu de forêt;15000;29/06/2019;19;AL_1
532;Feu de forêt;30000;31/08/2018;12;AD_2
1051;Feu de forêt;15000;26/09/2018;16;AI_1
1050;Feu de forêt;15000;26/09/2018;9;AD_1
1049;Feu de forêt;15000;24/09/2018;20;AF_1
1048;Feu de forêt;15000;28/08/2018;2;AC_2
1047;Feu de forêt;15000;07/08/2018;22;AE_1
528;Feu de forêt;30000;22/06/2018;3;AD_2
1045;Feu de forêt;15000;15/07/2018;3;AD_1
526;Feu de forêt;30070;10/07/2019;17;AD_2
1043;Feu de forêt;150000;15/04/2019;22;AC_1
516;Feu de forêt;34000;31/05/2019;13;AD_2
1041;Feu de forêt;1538800;11/07/2019;11;AK_2
1040;Feu de forêt;1550;12/08/2020;13;AD_1
1039;Feu de forêt;1570;03/10/2018;16;AC_1
503;Feu de forêt;3930;16/07/2019;18;AD_2
1037;Feu de forêt;1600;29/06/2020;18;AD_1
1036;Feu de forêt;1600;12/05/2019;4;AL_2
1035;Feu de forêt;16000;12/09/2020;19;AF_1
1034;Feu de forêt;160000;03/03/2019;6;AA_2
1033;Feu de forêt;1650000;30/07/2020;14;AD_1
1032;Feu de forêt;1800;06/04/2021;3;AH_1
1031;Feu de forêt;1800;31/07/2019;6;AC_2
1030;Feu de forêt;18000;09/08/2020;3;AB_2
1029;Feu de forêt;18000;02/03/2019;18;AL_2
495;Feu de végétation;40;27/08/2018;5;AD_2
487;Feu de broussaille;400;11/07/2020;3;AD_2
1026;Feu de forêt;190000;27/02/2019;3;AI_1
477;Feu de broussaille;400;17/02/2019;9;AD_2
464;Feu de broussaille;400;27/04/2018;2;AD_2
1023;Feu de végétation;2;03/04/2021;8;AD_1
1022;Feu de végétation;2;22/03/2021;22;AD_1
459;Feu de forêt;4000;07/08/2020;12;AD_2
458;Feu de forêt;4000;29/07/2020;15;AD_2
456;Feu de forêt;4000;19/07/2020;22;AD_2
1018;Feu de végétation;2;02/08/2020;16;AJ_2
441;Feu de forêt;4000;02/08/2018;17;AD_2
1016;Feu de végétation;2;23/07/2020;19;AD_1
1015;Feu de végétation;2;01/08/2019;1;AF_1
440;Feu de forêt;4000;07/04/2018;6;AD_2
439;Feu de forêt;40000;19/09/2020;4;AD_2
437;Feu de forêt;40000;14/09/2020;19;AD_2
1011;Feu de végétation;2;03/03/2019;3;AF_1
1010;Feu de végétation;20;20/10/2021;16;AC_1
436;Feu de forêt;40000;04/08/2020;3;AD_2
434;Feu de forêt;40000;03/07/2020;9;AD_2
424;Feu de forêt;40000;23/07/2019;3;AD_2
1006;Feu de végétation;20;09/09/2020;7;AC_2
1005;Feu de végétation;20;12/08/2020;18;AF_1
1004;Feu de végétation;20;12/08/2020;4;AG_1
415;Feu de forêt;4331;12/07/2020;4;AD_2
1002;Feu de végétation;20;01/08/2020;4;AG_1
1001;Feu de végétation;20;31/07/2020;12;AG_1
1000;Feu de végétation;20;19/07/2020;4;AC_1
999;Feu de végétation;20;13/07/2020;11;AH_1
998;Feu de végétation;20;05/07/2020;21;AD_1
997;Feu de végétation;20;22/06/2020;22;AD_1
996;Feu de végétation;20;01/06/2020;19;AE_1
412;Feu de forêt;44700;01/09/2019;19;AD_2
994;Feu de végétation;20;24/04/2020;6;AD_1
407;Feu de forêt;4500;07/09/2018;7;AD_2
406;Feu de forêt;45000;20/08/2020;9;AD_2
991;Feu de végétation;20;17/09/2019;7;AK_2
990;Feu de végétation;20;14/09/2019;22;AC_2
989;Feu de végétation;20;03/09/2019;19;AD_1
402;Feu de forêt;4500000;20/02/2021;12;AD_2
397;Feu de végétation;5;02/07/2021;7;AD_2
392;Feu de végétation;5;10/02/2021;8;AD_2
985;Feu de végétation;20;17/06/2019;15;AE_1
984;Feu de végétation;20;15/05/2019;16;AE_1
983;Feu de végétation;20;28/03/2019;16;AD_1
369;Feu de végétation;50;04/08/2020;18;AD_2
981;Feu de végétation;20;21/03/2019;3;AB_1
980;Feu de végétation;20;05/03/2019;21;AD_1
979;Feu de végétation;20;04/03/2019;19;AB_2
978;Feu de végétation;20;04/03/2019;7;AH_1
977;Feu de végétation;20;23/09/2018;19;AD_1
976;Feu de végétation;20;29/08/2018;11;AE_1
367;Feu de végétation;50;29/07/2020;2;AD_2
363;Feu de végétation;50;01/06/2020;20;AD_2
973;Feu de végétation;20;25/06/2018;20;AB_2
972;Feu de végétation;20;24/04/2018;8;AD_1
971;Feu de végétation;20;02/02/2018;19;AG_1
970;Feu de broussaille;200;23/09/2021;5;AD_1
969;Feu de broussaille;200;12/09/2021;14;AD_1
360;Feu de végétation;50;20/09/2019;3;AD_2
348;Feu de végétation;50;16/07/2019;15;AD_2
966;Feu de broussaille;200;18/05/2021;12;AL_1
345;Feu de végétation;50;18/04/2019;1;AD_2
343;Feu de végétation;50;21/03/2019;10;AD_2
963;Feu de broussaille;200;04/04/2021;8;AD_1
336;Feu de végétation;50;19/07/2018;2;AD_2
961;Feu de broussaille;200;17/03/2021;18;AH_1
960;Feu de broussaille;200;17/03/2021;2;AH_1
329;Feu de broussaille;500;25/04/2021;21;AD_2
958;Feu de broussaille;200;02/03/2021;1;AF_1
327;Feu de broussaille;500;30/03/2021;20;AD_2
320;Feu de broussaille;500;09/08/2020;15;AD_2
317;Feu de broussaille;500;01/08/2020;1;AD_2
312;Feu de broussaille;500;09/07/2020;13;AD_2
953;Feu de broussaille;200;08/08/2020;20;AH_1
309;Feu de broussaille;500;07/07/2020;21;AD_2
951;Feu de broussaille;200;23/07/2020;14;AH_1
950;Feu de broussaille;200;14/07/2020;11;AE_1
949;Feu de broussaille;200;07/07/2020;15;AL_2
308;Feu de broussaille;500;15/04/2020;7;AD_2
947;Feu de broussaille;200;01/06/2020;5;AE_1
946;Feu de broussaille;200;13/04/2020;1;AE_1
945;Feu de broussaille;200;10/04/2020;9;AE_1
306;Feu de broussaille;500;03/04/2020;3;AD_2
943;Feu de broussaille;200;19/12/2019;17;AE_1
303;Feu de broussaille;500;02/09/2019;16;AD_2
299;Feu de broussaille;500;23/07/2019;4;AD_2
940;Feu de broussaille;200;05/09/2019;1;AE_1
296;Feu de broussaille;500;06/05/2019;9;AD_2
938;Feu de broussaille;200;02/09/2019;15;AC_2
937;Feu de broussaille;200;02/09/2019;20;AE_1
292;Feu de broussaille;500;26/03/2019;17;AD_2
935;Feu de broussaille;200;08/08/2019;17;AE_1
934;Feu de broussaille;200;04/08/2019;12;AE_1
263;Feu de forêt;5000;28/08/2021;12;AD_2
932;Feu de broussaille;200;20/07/2019;18;AE_1
261;Feu de forêt;5000;30/05/2021;16;AD_2
254;Feu de forêt;5000;17/04/2021;21;AD_2
929;Feu de broussaille;200;15/05/2019;7;AA_1
928;Feu de broussaille;200;06/05/2019;18;AE_1
927;Feu de broussaille;200;28/03/2019;4;AE_1
245;Feu de forêt;5000;25/08/2020;17;AD_2
925;Feu de broussaille;200;18/02/2019;20;AD_1
240;Feu de forêt;5000;05/08/2020;4;AD_2
923;Feu de broussaille;200;02/10/2018;20;AD_1
922;Feu de broussaille;200;26/09/2018;8;AK_2
232;Feu de forêt;5000;31/05/2020;12;AD_2
225;Feu de forêt;5000;24/08/2019;8;AD_2
222;Feu de forêt;5000;25/07/2019;5;AD_2
918;Feu de broussaille;200;27/08/2018;22;AE_1
214;Feu de forêt;5000;13/04/2019;20;AD_2
916;Feu de broussaille;200;17/06/2018;21;AD_1
205;Feu de forêt;5000;20/09/2018;1;AD_2
914;Feu de broussaille;200;22/04/2018;15;AG_1
913;Feu de broussaille;200;20/04/2018;2;AK_2
187;Feu de forêt;50000;04/04/2020;10;AD_2
176;Feu de forêt;50000;20/03/2019;12;AD_2
910;Feu de forêt;2000;30/08/2021;3;AC_1
170;Feu de forêt;5100;18/08/2020;2;AD_2
159;Feu de forêt;550000;13/10/2019;17;AD_2
154;Feu de broussaille;60;30/12/2018;11;AD_2
142;Feu de forêt;600;06/03/2019;5;AD_2
139;Feu de forêt;600;03/08/2018;13;AD_2
904;Feu de forêt;2000;07/04/2021;7;AH_1
136;Feu de forêt;600;04/06/2018;17;AD_2
134;Feu de forêt;6000;02/05/2021;19;AD_2
901;Feu de forêt;2000;03/04/2021;9;AL_2
133;Feu de forêt;6000;20/08/2020;1;AD_2
130;Feu de forêt;6000;09/09/2019;12;AD_2
898;Feu de forêt;2000;25/03/2021;2;AD_1
117;Feu de forêt;60000;25/07/2019;11;AD_2
896;Feu de forêt;2000;20/02/2021;5;AD_1
895;Feu de forêt;2000;18/09/2020;19;AF_1
894;Feu de forêt;2000;13/09/2020;8;AK_2
114;Feu de forêt;60000;15/04/2019;14;AD_2
110;Feu de forêt;60000;19/04/2018;5;AD_2
891;Feu de forêt;2000;16/08/2020;14;AE_1
107;Feu de forêt;630;24/02/2019;4;AD_2
96;Feu de forêt;700;19/07/2020;1;AD_2
79;Feu de forêt;78000;11/09/2018;19;AD_2
887;Feu de forêt;2000;08/07/2020;1;AD_1
886;Feu de forêt;2000;25/06/2020;14;AI_1
885;Feu de forêt;2000;02/06/2020;14;AC_1
75;Feu de broussaille;80;15/04/2021;1;AD_2
883;Feu de forêt;2000;31/05/2020;17;AE_1
882;Feu de forêt;2000;31/05/2020;2;AD_1
71;Feu de forêt;800;18/04/2021;15;AD_2
880;Feu de forêt;2000;11/10/2019;18;AC_1
64;Feu de forêt;800;06/02/2020;5;AD_2
878;Feu de forêt;2000;08/09/2019;2;AC_1
56;Feu de forêt;800;05/10/2018;8;AD_2
876;Feu de forêt;2000;29/08/2019;1;AC_2
875;Feu de forêt;2000;25/08/2019;22;AA_2
874;Feu de forêt;2000;24/08/2019;8;AE_1
873;Feu de forêt;2000;16/08/2019;17;AE_1
872;Feu de forêt;2000;08/08/2019;11;AD_1
871;Feu de forêt;2000;07/08/2019;10;AF_1
54;Feu de forêt;800;21/05/2018;3;AD_2
46;Feu de forêt;8000;25/08/2020;10;AD_2
41;Feu de forêt;8000;21/09/2019;13;AD_2
867;Feu de forêt;2000;17/07/2019;5;AD_1
37;Feu de forêt;8000;24/08/2019;13;AD_2
35;Feu de forêt;8000;11/04/2019;3;AD_2
864;Feu de forêt;2000;29/03/2019;2;AI_2
31;Feu de forêt;8000;19/07/2018;17;AD_2
28;Feu de forêt;80000;30/07/2020;15;AD_2
861;Feu de forêt;2000;02/03/2019;3;AK_2
860;Feu de forêt;2000;22/02/2019;11;AK_2
859;Feu de forêt;2000;17/02/2019;5;AJ_2
858;Feu de forêt;2000;24/10/2018;15;AG_1
857;Feu de forêt;2000;21/10/2018;11;AC_2
856;Feu de forêt;2000;03/09/2018;6;AC_2
855;Feu de forêt;2000;03/09/2018;12;AC_2
854;Feu de forêt;2000;31/08/2018;9;AL_1
853;Feu de forêt;2000;24/08/2018;20;AI_1
18;Feu de forêt;80250;10/09/2019;5;AD_2
851;Feu de forêt;2000;15/08/2018;13;AA_1
850;Feu de forêt;2000;27/07/2018;12;AC_2
4;Feu de forêt;9500;18/05/2018;13;AD_2
848;Feu de forêt;2000;17/04/2018;22;AF_1
1525;Feu de végétation;1;16/04/2021;9;AE_2
846;Feu de forêt;20000;30/08/2021;16;AL_1
845;Feu de forêt;20000;27/08/2021;21;AD_1
844;Feu de forêt;20000;03/05/2021;6;AH_1
1469;Feu de végétation;10;28/09/2019;19;AE_2
1445;Feu de végétation;10;29/08/2018;6;AE_2
841;Feu de forêt;20000;24/04/2021;14;AK_1
840;Feu de forêt;20000;22/04/2021;10;AL_2
839;Feu de forêt;20000;14/04/2021;12;AC_2
838;Feu de forêt;20000;07/04/2021;10;AF_1
837;Feu de forêt;20000;03/04/2021;21;AF_1
836;Feu de forêt;20000;01/04/2021;12;AF_1
835;Feu de forêt;20000;01/04/2021;7;AF_1
1418;Feu de broussaille;100;28/07/2020;10;AE_2
833;Feu de forêt;20000;20/03/2021;2;AL_1
832;Feu de forêt;20000;17/03/2021;1;AB_1
1403;Feu de broussaille;100;25/08/2019;18;AE_2
830;Feu de forêt;20000;16/09/2020;1;AL_1
829;Feu de forêt;20000;14/09/2020;1;AK_2
828;Feu de forêt;20000;08/09/2020;11;AL_2
827;Feu de forêt;20000;05/09/2020;20;AI_1
826;Feu de forêt;20000;05/09/2020;10;AI_2
1400;Feu de broussaille;100;25/07/2019;6;AE_2
824;Feu de forêt;20000;17/08/2020;18;AE_1
823;Feu de forêt;20000;06/08/2020;7;AC_1
1391;Feu de broussaille;100;22/03/2019;11;AE_2
1362;Feu de forêt;1000;01/06/2021;8;AE_2
820;Feu de forêt;20000;01/08/2020;16;AG_1
819;Feu de forêt;20000;29/07/2020;5;AC_1
818;Feu de forêt;20000;27/07/2020;16;AD_1
817;Feu de forêt;20000;21/05/2020;7;AC_1
816;Feu de forêt;20000;15/04/2020;12;AC_1
1356;Feu de forêt;1000;02/04/2021;8;AE_2
814;Feu de forêt;20000;31/03/2020;12;AD_1
813;Feu de forêt;20000;26/03/2020;14;AK_2
812;Feu de forêt;20000;23/02/2020;12;AF_1
811;Feu de forêt;20000;21/09/2019;4;AC_2
1344;Feu de forêt;1000;01/06/2020;20;AE_2
809;Feu de forêt;20000;04/09/2019;2;AD_1
1340;Feu de forêt;1000;21/09/2019;2;AE_2
807;Feu de forêt;20000;24/08/2019;17;AD_1
806;Feu de forêt;20000;24/08/2019;8;AF_1
1306;Feu de forêt;1000;10/09/2018;16;AE_2
804;Feu de forêt;20000;12/08/2019;16;AH_1
803;Feu de forêt;20000;29/07/2019;12;AD_1
1304;Feu de forêt;1000;02/09/2018;1;AE_2
801;Feu de forêt;20000;24/07/2019;9;AD_1
1299;Feu de forêt;1000;15/07/2018;12;AE_2
1296;Feu de forêt;10000;19/10/2021;16;AE_2
1267;Feu de forêt;10000;12/08/2020;21;AE_2
797;Feu de forêt;20000;02/07/2019;12;AI_1
796;Feu de forêt;20000;30/03/2019;7;AI_2
1257;Feu de forêt;10000;24/07/2020;20;AE_2
794;Feu de forêt;20000;28/03/2019;19;AD_1
1239;Feu de forêt;10000;29/08/2019;21;AE_2
792;Feu de forêt;20000;25/03/2019;6;AE_1
1238;Feu de forêt;10000;26/08/2019;13;AE_2
790;Feu de forêt;20000;23/03/2019;13;AD_1
789;Feu de forêt;20000;24/02/2019;22;AD_1
1237;Feu de forêt;10000;24/08/2019;1;AE_2
1233;Feu de forêt;10000;22/08/2019;19;AE_2
1232;Feu de forêt;10000;22/08/2019;3;AE_2
785;Feu de forêt;20000;27/09/2018;16;AB_1
1205;Feu de forêt;10000;30/08/2018;5;AE_2
1194;Feu de forêt;100000;03/04/2021;9;AE_2
782;Feu de forêt;20000;17/09/2018;6;AD_1
781;Feu de forêt;20000;28/08/2018;15;AE_1
1190;Feu de forêt;100000;19/09/2019;4;AE_2
1175;Feu de forêt;10500;05/03/2019;3;AE_2
778;Feu de forêt;20000;27/06/2018;2;AD_1
777;Feu de forêt;20000;11/05/2018;9;AE_1
776;Feu de forêt;20000;20/04/2018;13;AL_1
1159;Feu de forêt;1200;11/03/2018;1;AE_2
1044;Feu de forêt;150000;04/04/2021;6;AE_2
1028;Feu de forêt;1900;30/07/2020;14;AE_2
772;Feu de forêt;20400;11/07/2019;17;AD_1
771;Feu de forêt;20500;09/07/2019;11;AH_1
1027;Feu de forêt;190000;23/07/2019;13;AE_2
956;Feu de broussaille;200;30/10/2020;5;AE_2
948;Feu de broussaille;200;14/06/2020;14;AE_2
767;Feu de forêt;2100;09/09/2020;6;AF_1
942;Feu de broussaille;200;11/10/2019;11;AE_2
765;Feu de forêt;212400;16/09/2020;14;AE_1
764;Feu de forêt;214300;07/09/2020;1;AF_1
763;Feu de forêt;2200;04/04/2021;15;AB_1
941;Feu de broussaille;200;07/09/2019;1;AE_2
761;Feu de broussaille;225;13/10/2019;21;AE_1
933;Feu de broussaille;200;24/07/2019;13;AE_2
759;Feu de forêt;22600;29/07/2019;10;AD_1
758;Feu de forêt;227000;23/07/2019;2;AG_1
757;Feu de forêt;2300;16/09/2020;11;AA_2
930;Feu de broussaille;200;28/06/2019;7;AE_2
915;Feu de broussaille;200;06/05/2018;4;AE_2
754;Feu de forêt;240000;29/09/2018;22;AG_1
753;Feu de végétation;25;06/09/2018;15;AD_1
752;Feu de broussaille;250;10/09/2021;13;AD_1
751;Feu de broussaille;250;29/07/2018;9;AD_1
750;Feu de forêt;2500;14/04/2021;5;AH_1
912;Feu de broussaille;200;17/04/2018;7;AE_2
906;Feu de forêt;2000;22/04/2021;6;AE_2
903;Feu de forêt;2000;06/04/2021;13;AE_2
893;Feu de forêt;2000;10/09/2020;5;AE_2
745;Feu de forêt;2500;15/08/2020;10;AF_1
744;Feu de forêt;2500;08/08/2020;18;AG_1
892;Feu de forêt;2000;06/09/2020;19;AE_2
888;Feu de forêt;2000;23/07/2020;12;AE_2
741;Feu de forêt;2500;17/09/2019;3;AD_1
879;Feu de forêt;2000;11/09/2019;21;AE_2
739;Feu de forêt;2500;11/09/2019;22;AF_1
738;Feu de forêt;2500;22/07/2019;13;AF_1
737;Feu de forêt;2500;15/07/2019;4;AD_1
865;Feu de forêt;2000;31/03/2019;19;AE_2
735;Feu de forêt;2500;15/04/2019;11;AE_1
734;Feu de forêt;2500;29/03/2019;6;AD_1
733;Feu de forêt;2500;05/03/2019;5;AD_1
863;Feu de forêt;2000;26/03/2019;5;AE_2
731;Feu de forêt;2500;23/02/2019;2;AE_1
730;Feu de forêt;2500;14/10/2018;6;AH_1
862;Feu de forêt;2000;24/03/2019;8;AE_2
728;Feu de forêt;2500;05/10/2018;18;AE_1
727;Feu de forêt;2500;15/09/2018;17;AE_1
849;Feu de forêt;2000;24/05/2018;17;AE_2
725;Feu de forêt;2500;29/08/2018;10;AD_1
724;Feu de forêt;25000;14/04/2021;8;AC_1
723;Feu de forêt;25000;07/04/2021;17;AC_2
799;Feu de forêt;20000;13/07/2019;22;AE_2
721;Feu de forêt;25000;30/07/2020;14;AL_1
720;Feu de forêt;25000;18/09/2019;8;AC_2
719;Feu de forêt;25000;18/09/2019;8;AD_1
718;Feu de forêt;25000;04/06/2019;4;AB_1
717;Feu de forêt;25000;15/04/2019;14;AC_1
716;Feu de forêt;25000;01/03/2019;8;AL_2
798;Feu de forêt;20000;08/07/2019;6;AE_2
766;Feu de forêt;21000;05/09/2019;19;AE_2
743;Feu de forêt;2500;24/07/2020;5;AE_2
712;Feu de forêt;26000;08/07/2019;8;AG_1
711;Feu de forêt;27700;31/03/2019;16;AI_2
710;Feu de forêt;2800;23/08/2018;15;AF_1
715;Feu de forêt;25000;25/02/2019;3;AE_2
708;Feu de forêt;28700;13/09/2020;3;AL_1
695;Feu de végétation;30;04/08/2020;19;AE_2
706;Feu de végétation;3;30/03/2021;6;AG_1
678;Feu de broussaille;300;20/08/2021;20;AE_2
704;Feu de végétation;3;19/07/2018;3;AG_1
703;Feu de végétation;30;05/09/2021;22;AL_1
702;Feu de végétation;30;24/05/2021;8;AB_1
675;Feu de broussaille;300;15/04/2021;13;AE_2
700;Feu de végétation;30;19/11/2020;6;AK_1
699;Feu de végétation;30;12/11/2020;20;AC_1
674;Feu de broussaille;300;14/04/2021;3;AE_2
697;Feu de végétation;30;17/09/2020;10;AI_2
696;Feu de végétation;30;12/08/2020;11;AF_1
668;Feu de broussaille;300;04/08/2020;15;AE_2
694;Feu de végétation;30;02/08/2020;6;AL_2
693;Feu de végétation;30;24/07/2020;7;AK_1
692;Feu de végétation;30;21/06/2020;22;AK_1
641;Feu de broussaille;300;12/07/2018;2;AE_2
690;Feu de végétation;30;04/04/2020;11;AD_1
689;Feu de végétation;30;12/10/2019;20;AK_2
688;Feu de végétation;30;27/08/2019;20;AL_1
623;Feu de forêt;3000;05/04/2021;1;AE_2
686;Feu de végétation;30;29/06/2019;18;AI_1
685;Feu de végétation;30;25/03/2019;20;AI_2
568;Feu de forêt;3000;02/08/2018;21;AE_2
683;Feu de végétation;30;11/10/2018;8;AE_1
567;Feu de forêt;3000;31/07/2018;19;AE_2
681;Feu de végétation;30;10/06/2018;22;AE_1
559;Feu de forêt;30000;14/10/2020;15;AE_2
523;Feu de forêt;31000;15/04/2019;15;AE_2
521;Feu de forêt;3200;12/08/2020;8;AE_2
677;Feu de broussaille;300;22/04/2021;6;AC_2
676;Feu de broussaille;300;19/04/2021;3;AF_1
515;Feu de broussaille;350;09/07/2020;8;AE_2
511;Feu de forêt;35000;02/09/2019;11;AE_2
673;Feu de broussaille;300;05/04/2021;7;AL_1
497;Feu de végétation;40;15/10/2020;1;AE_2
671;Feu de broussaille;300;04/09/2020;7;AE_1
451;Feu de forêt;4000;23/07/2019;4;AE_2
371;Feu de végétation;50;05/08/2020;12;AE_2
362;Feu de végétation;50;03/04/2020;6;AE_2
354;Feu de végétation;50;25/08/2019;21;AE_2
666;Feu de broussaille;300;24/07/2020;17;AH_1
665;Feu de broussaille;300;23/07/2020;12;AD_1
353;Feu de végétation;50;25/08/2019;22;AE_2
352;Feu de végétation;50;22/08/2019;21;AE_2
662;Feu de broussaille;300;11/04/2020;20;AL_1
326;Feu de broussaille;500;30/03/2021;6;AE_2
660;Feu de broussaille;300;24/02/2020;2;AK_2
659;Feu de broussaille;300;16/09/2019;3;AD_1
658;Feu de broussaille;300;09/09/2019;21;AH_1
657;Feu de broussaille;300;08/09/2019;4;AH_1
656;Feu de broussaille;300;08/09/2019;15;AI_1
655;Feu de broussaille;300;04/09/2019;15;AD_1
654;Feu de broussaille;300;25/07/2019;6;AF_1
319;Feu de broussaille;500;08/08/2020;15;AE_2
652;Feu de broussaille;300;04/07/2019;10;AC_1
651;Feu de broussaille;300;16/05/2019;2;AD_1
650;Feu de broussaille;300;19/04/2019;10;AI_1
649;Feu de broussaille;300;30/03/2019;10;AC_2
648;Feu de broussaille;300;30/03/2019;14;AC_1
310;Feu de broussaille;500;08/07/2020;3;AE_2
646;Feu de broussaille;300;06/03/2019;3;AF_1
645;Feu de broussaille;300;28/02/2019;21;AK_2
644;Feu de broussaille;300;27/02/2019;22;AK_2
290;Feu de broussaille;500;16/03/2019;14;AE_2
642;Feu de broussaille;300;15/07/2018;18;AD_1
278;Feu de broussaille;500;19/09/2018;5;AE_2
640;Feu de broussaille;300;28/06/2018;2;AD_1
639;Feu de broussaille;300;27/06/2018;4;AD_1
638;Feu de broussaille;300;21/06/2018;3;AD_1
637;Feu de forêt;3000;30/09/2021;16;AI_1
636;Feu de forêt;3000;05/09/2021;7;AL_2
635;Feu de forêt;3000;05/09/2021;21;AD_1
634;Feu de forêt;3000;13/06/2021;6;AE_1
633;Feu de forêt;3000;13/06/2021;14;AL_1
274;Feu de broussaille;500;03/09/2018;9;AE_2
631;Feu de forêt;3000;28/04/2021;15;AL_1
272;Feu de broussaille;500;29/08/2018;7;AE_2
629;Feu de forêt;3000;20/04/2021;19;AD_1
628;Feu de forêt;3000;19/04/2021;16;AC_2
627;Feu de forêt;3000;10/04/2021;21;AF_1
626;Feu de forêt;3000;08/04/2021;21;AF_1
625;Feu de forêt;3000;08/04/2021;8;AD_1
252;Feu de forêt;5000;09/04/2021;16;AE_2
244;Feu de forêt;5000;20/08/2020;4;AE_2
204;Feu de forêt;5000;16/09/2018;7;AE_2
201;Feu de forêt;5000;23/08/2018;10;AE_2
197;Feu de forêt;5000;27/06/2018;8;AE_2
619;Feu de forêt;3000;14/09/2020;22;AD_1
618;Feu de forêt;3000;10/09/2020;19;AE_1
617;Feu de forêt;3000;04/09/2020;5;AE_1
616;Feu de forêt;3000;21/08/2020;7;AD_1
615;Feu de forêt;3000;12/08/2020;11;AD_1
614;Feu de forêt;3000;11/08/2020;17;AD_1
613;Feu de forêt;3000;09/08/2020;14;AH_1
612;Feu de forêt;3000;06/08/2020;21;AL_1
611;Feu de forêt;3000;05/08/2020;3;AE_1
610;Feu de forêt;3000;31/07/2020;14;AB_2
609;Feu de forêt;3000;30/07/2020;22;AL_1
167;Feu de forêt;5396;23/08/2020;9;AE_2
607;Feu de forêt;3000;23/07/2020;5;AE_1
165;Feu de forêt;5500;02/08/2019;5;AE_2
155;Feu de broussaille;60;29/08/2019;15;AE_2
128;Feu de forêt;6000;17/07/2019;19;AE_2
603;Feu de forêt;3000;16/04/2020;11;AE_1
124;Feu de forêt;6000;04/08/2018;22;AE_2
601;Feu de forêt;3000;07/04/2020;5;AE_1
600;Feu de forêt;3000;05/04/2020;3;AL_2
599;Feu de forêt;3000;04/04/2020;1;AD_1
598;Feu de forêt;3000;27/03/2020;11;AH_1
122;Feu de forêt;6000;19/04/2018;20;AE_2
596;Feu de forêt;3000;19/09/2019;10;AD_1
595;Feu de forêt;3000;09/09/2019;6;AE_1
594;Feu de forêt;3000;06/09/2019;13;AL_2
593;Feu de forêt;3000;05/09/2019;16;AD_1
592;Feu de forêt;3000;02/09/2019;22;AF_1
113;Feu de forêt;60000;31/03/2019;19;AE_2
590;Feu de forêt;3000;31/08/2019;8;AD_1
589;Feu de forêt;3000;09/08/2019;15;AE_1
109;Feu de forêt;600000;28/08/2021;18;AE_2
587;Feu de forêt;3000;25/07/2019;18;AF_1
586;Feu de forêt;3000;17/07/2019;22;AE_1
102;Feu de forêt;680000;16/07/2019;6;AE_2
584;Feu de forêt;3000;10/07/2019;17;AL_2
583;Feu de forêt;3000;09/07/2019;1;AG_1
582;Feu de forêt;3000;16/05/2019;15;AE_1
91;Feu de forêt;7000;02/08/2019;22;AE_2
580;Feu de forêt;3000;29/03/2019;12;AG_1
579;Feu de forêt;3000;29/03/2019;11;AG_1
578;Feu de forêt;3000;28/03/2019;9;AE_1
577;Feu de forêt;3000;27/02/2019;9;AC_2
89;Feu de forêt;70000;16/09/2020;19;AE_2
85;Feu de forêt;70000;23/08/2018;1;AE_2
574;Feu de forêt;3000;29/09/2018;8;AC_1
84;Feu de forêt;700000;24/02/2020;14;AE_2
66;Feu de forêt;800;18/07/2020;10;AE_2
53;Feu de forêt;8000;17/09/2021;8;AE_2
570;Feu de forêt;3000;17/08/2018;22;AI_1
569;Feu de forêt;3000;06/08/2018;5;AF_1
42;Feu de forêt;8000;04/07/2020;12;AE_2
39;Feu de forêt;8000;29/08/2019;8;AE_2
566;Feu de forêt;3000;16/07/2018;22;AH_1
565;Feu de forêt;3000;11/03/2018;4;AE_1
564;Feu de forêt;30000;06/09/2021;7;AD_1
563;Feu de forêt;30000;29/08/2021;21;AD_1
562;Feu de forêt;30000;13/06/2021;5;AK_1
561;Feu de forêt;30000;09/04/2021;6;AK_1
560;Feu de forêt;30000;05/04/2021;15;AD_1
23;Feu de forêt;80000;14/04/2019;13;AE_2
22;Feu de forêt;80000;24/03/2019;6;AE_2
19;Feu de forêt;80000;22/03/2018;12;AE_2
556;Feu de forêt;30000;04/08/2020;11;AK_2
555;Feu de forêt;30000;28/07/2020;10;AG_1
9;Feu de forêt;8600;03/10/2018;11;AE_2
553;Feu de forêt;30000;05/04/2020;13;AD_1
552;Feu de forêt;30000;28/03/2020;1;AD_1
5;Feu de forêt;9000;19/04/2021;8;AE_2
550;Feu de forêt;30000;19/09/2019;1;AD_1
549;Feu de forêt;30000;14/09/2019;7;AC_1
548;Feu de forêt;30000;04/09/2019;18;AE_1
547;Feu de forêt;30000;04/09/2019;8;AK_1
546;Feu de forêt;30000;03/09/2019;16;AB_1
545;Feu de forêt;30000;29/08/2019;19;AI_1
544;Feu de forêt;30000;23/08/2019;19;AK_1
543;Feu de forêt;30000;22/08/2019;4;AK_2
1526;Feu de végétation;1;29/10/2021;4;AF_2
1503;Feu de végétation;10;13/09/2021;8;AF_2
540;Feu de forêt;30000;27/06/2019;1;AF_1
539;Feu de forêt;30000;27/03/2019;16;AA_1
538;Feu de forêt;30000;03/03/2019;14;AG_1
537;Feu de forêt;30000;03/03/2019;8;AC_2
536;Feu de forêt;30000;01/03/2019;22;AL_2
535;Feu de forêt;30000;27/02/2019;5;AL_2
1489;Feu de végétation;10;12/08/2020;3;AF_2
1474;Feu de végétation;10;28/03/2020;22;AF_2
1473;Feu de végétation;10;24/03/2020;11;AF_2
531;Feu de forêt;30000;29/08/2018;7;AF_1
1435;Feu de végétation;10;26/02/2018;2;AF_2
1323;Feu de forêt;1000;14/07/2019;8;AF_2
1320;Feu de forêt;1000;31/05/2019;19;AF_2
527;Feu de forêt;300000;06/10/2018;11;AC_2
1319;Feu de forêt;1000;10/04/2019;16;AF_2
525;Feu de forêt;3038300;03/04/2021;21;AK_1
524;Feu de forêt;30600;30/07/2020;16;AA_1
1274;Feu de forêt;10000;10/09/2020;18;AF_2
522;Feu de forêt;31000;05/10/2018;1;AD_1
1271;Feu de forêt;10000;01/09/2020;15;AF_2
520;Feu de forêt;3200;18/08/2018;16;AD_1
519;Feu de forêt;320000;04/08/2019;7;AC_1
518;Feu de broussaille;330;04/04/2021;8;AC_1
517;Feu de forêt;3300;24/04/2018;20;AL_1
1263;Feu de forêt;10000;08/08/2020;3;AF_2
1223;Feu de forêt;10000;19/04/2019;4;AF_2
514;Feu de forêt;3500;12/09/2020;14;AD_1
513;Feu de forêt;3500;11/07/2019;20;AD_1
512;Feu de forêt;35000;11/03/2021;17;AC_2
1197;Feu de forêt;10000;03/05/2018;15;AF_2
510;Feu de forêt;35000;17/04/2018;8;AJ_1
1186;Feu de forêt;100000;03/03/2019;21;AF_2
508;Feu de forêt;3600;14/07/2019;11;AF_1
1179;Feu de forêt;10200;28/09/2018;6;AF_2
506;Feu de forêt;362600;09/09/2020;15;AD_1
505;Feu de forêt;38600;07/09/2021;11;AD_1
1169;Feu de végétation;12;15/07/2019;17;AF_2
1164;Feu de forêt;1200;04/08/2020;16;AF_2
502;Feu de végétation;4;26/10/2021;4;AG_1
1163;Feu de forêt;1200;28/06/2020;3;AF_2
1124;Feu de broussaille;150;29/09/2019;5;AF_2
1121;Feu de broussaille;150;28/03/2019;15;AF_2
1066;Feu de forêt;15000;24/02/2021;16;AF_2
1052;Feu de forêt;15000;17/02/2019;8;AF_2
496;Feu de végétation;40;19/06/2019;18;AD_1
1038;Feu de forêt;1600;16/08/2020;8;AF_2
494;Feu de broussaille;400;23/08/2021;19;AD_1
493;Feu de broussaille;400;20/03/2021;15;AH_1
492;Feu de broussaille;400;08/03/2021;2;AE_1
491;Feu de broussaille;400;07/03/2021;3;AE_1
490;Feu de broussaille;400;13/09/2020;17;AD_1
489;Feu de broussaille;400;12/09/2020;3;AH_1
488;Feu de broussaille;400;01/09/2020;8;AD_1
1014;Feu de végétation;2;01/08/2019;15;AF_2
486;Feu de broussaille;400;09/07/2020;3;AH_1
485;Feu de broussaille;400;05/04/2020;12;AA_1
484;Feu de broussaille;400;29/09/2019;21;AL_2
483;Feu de broussaille;400;14/04/2019;21;AC_2
482;Feu de broussaille;400;25/03/2019;20;AD_1
481;Feu de broussaille;400;28/02/2019;16;AD_1
480;Feu de broussaille;400;27/02/2019;18;AC_2
479;Feu de broussaille;400;27/02/2019;8;AB_1
478;Feu de broussaille;400;17/02/2019;12;AC_2
1013;Feu de végétation;2;24/03/2019;8;AF_2
476;Feu de broussaille;400;14/10/2018;12;AB_2
475;Feu de broussaille;400;06/10/2018;17;AI_2
474;Feu de broussaille;400;05/10/2018;14;AH_1
473;Feu de broussaille;400;12/09/2018;13;AL_2
472;Feu de broussaille;400;04/09/2018;10;AI_1
471;Feu de broussaille;400;20/08/2018;3;AD_1
470;Feu de broussaille;400;15/08/2018;9;AF_1
469;Feu de broussaille;400;10/08/2018;12;AD_1
468;Feu de broussaille;400;06/08/2018;7;AK_2
467;Feu de broussaille;400;30/07/2018;1;AD_1
466;Feu de broussaille;400;28/04/2018;9;AG_1
465;Feu de broussaille;400;27/04/2018;22;AI_1
1012;Feu de végétation;2;23/03/2019;6;AF_2
463;Feu de broussaille;400;11/03/2018;10;AK_2
987;Feu de végétation;20;30/08/2019;16;AF_2
959;Feu de broussaille;200;03/03/2021;21;AF_2
460;Feu de forêt;4000;25/08/2020;6;AD_1
955;Feu de broussaille;200;14/09/2020;18;AF_2
954;Feu de broussaille;200;11/09/2020;10;AF_2
457;Feu de forêt;4000;29/07/2020;8;AD_1
924;Feu de broussaille;200;17/02/2019;16;AF_2
455;Feu de forêt;4000;18/09/2019;14;AD_1
454;Feu de forêt;4000;15/09/2019;6;AF_1
453;Feu de forêt;4000;18/08/2019;8;AD_1
452;Feu de forêt;4000;02/08/2019;13;AD_1
921;Feu de broussaille;200;12/09/2018;17;AF_2
450;Feu de forêt;4000;15/04/2019;19;AC_1
449;Feu de forêt;4000;13/04/2019;4;AL_2
448;Feu de forêt;4000;22/03/2019;18;AE_1
447;Feu de forêt;4000;21/03/2019;19;AC_2
446;Feu de forêt;4000;28/02/2019;20;AL_2
445;Feu de forêt;4000;17/10/2018;16;AD_1
444;Feu de forêt;4000;14/10/2018;18;AC_2
443;Feu de forêt;4000;06/10/2018;19;AD_1
442;Feu de forêt;4000;27/09/2018;20;AD_1
902;Feu de forêt;2000;05/04/2021;9;AF_2
834;Feu de forêt;20000;29/03/2021;22;AF_2
821;Feu de forêt;20000;02/08/2020;20;AF_2
438;Feu de forêt;40000;18/09/2020;3;AD_1
810;Feu de forêt;20000;14/09/2019;7;AF_2
808;Feu de forêt;20000;04/09/2019;22;AF_2
802;Feu de forêt;20000;25/07/2019;19;AF_2
756;Feu de broussaille;240;29/08/2019;15;AF_2
746;Feu de forêt;2500;23/08/2020;16;AF_2
432;Feu de forêt;40000;23/02/2020;5;AD_1
431;Feu de forêt;40000;20/02/2020;5;AB_1
742;Feu de forêt;2500;17/07/2020;5;AF_2
429;Feu de forêt;40000;18/09/2019;1;AG_1
428;Feu de forêt;40000;13/09/2019;17;AD_1
427;Feu de forêt;40000;06/09/2019;13;AD_1
426;Feu de forêt;40000;08/08/2019;11;AG_1
425;Feu de forêt;40000;02/08/2019;1;AC_1
740;Feu de forêt;2500;14/09/2019;20;AF_2
709;Feu de forêt;28000;06/05/2019;6;AF_2
701;Feu de végétation;30;20/04/2021;16;AF_2
421;Feu de forêt;40000;15/09/2018;20;AF_1
420;Feu de forêt;40000;11/07/2018;18;AD_1
419;Feu de forêt;400000;03/03/2019;4;AD_1
418;Feu de forêt;41000;28/08/2018;12;AD_1
417;Feu de forêt;410000;10/07/2019;11;AC_2
416;Feu de forêt;420000;08/04/2021;16;AJ_2
680;Feu de broussaille;300;25/08/2021;11;AF_2
414;Feu de forêt;435300;23/02/2019;21;AL_1
413;Feu de forêt;4356;11/08/2020;13;AL_1
630;Feu de forêt;3000;21/04/2021;9;AF_2
411;Feu de forêt;447900;28/08/2021;14;AK_2
410;Feu de végétation;45;24/07/2018;14;AD_1
409;Feu de forêt;4500;16/04/2021;4;AC_2
408;Feu de forêt;4500;09/04/2021;21;AD_1
605;Feu de forêt;3000;03/06/2020;16;AF_2
591;Feu de forêt;3000;31/08/2019;8;AF_2
405;Feu de forêt;45000;08/09/2019;19;AA_2
404;Feu de forêt;45000;29/07/2019;4;AD_1
403;Feu de forêt;450000;16/09/2019;2;AK_1
541;Feu de forêt;30000;23/07/2019;6;AF_2
401;Feu de forêt;46000;04/09/2018;11;AG_1
400;Feu de forêt;4800;12/10/2019;5;AD_1
399;Feu de forêt;49997;04/09/2018;20;AD_1
398;Feu de végétation;5;18/11/2021;14;AF_1
504;Feu de forêt;39000;06/09/2019;22;AF_2
462;Feu de forêt;4000;12/08/2021;18;AF_2
395;Feu de végétation;5;05/04/2021;6;AF_1
430;Feu de forêt;40000;13/10/2019;9;AF_2
393;Feu de végétation;5;29/03/2021;22;AD_1
422;Feu de forêt;40000;23/02/2019;12;AF_2
391;Feu de végétation;5;19/09/2020;12;AF_1
390;Feu de végétation;5;13/08/2020;4;AF_1
389;Feu de végétation;5;01/08/2020;9;AE_1
388;Feu de végétation;5;24/07/2020;18;AF_1
396;Feu de végétation;5;19/04/2021;19;AF_2
386;Feu de végétation;5;19/03/2020;19;AD_1
385;Feu de végétation;5;01/03/2020;13;AE_1
384;Feu de végétation;5;28/12/2019;7;AG_1
394;Feu de végétation;5;31/03/2021;5;AF_2
375;Feu de végétation;50;31/03/2021;9;AF_2
381;Feu de végétation;5;16/03/2019;7;AD_1
368;Feu de végétation;50;03/08/2020;15;AF_2
379;Feu de végétation;50;11/07/2021;3;AC_2
378;Feu de végétation;50;03/07/2021;19;AD_1
377;Feu de végétation;50;28/04/2021;10;AC_1
376;Feu de végétation;50;10/04/2021;7;AC_2
332;Feu de broussaille;500;15/06/2021;11;AF_2
374;Feu de végétation;50;03/09/2020;6;AF_1
373;Feu de végétation;50;16/08/2020;8;AL_1
331;Feu de broussaille;500;08/06/2021;4;AF_2
321;Feu de broussaille;500;10/08/2020;10;AF_2
370;Feu de végétation;50;04/08/2020;14;AK_1
315;Feu de broussaille;500;26/07/2020;16;AF_2
314;Feu de broussaille;500;23/07/2020;8;AF_2
305;Feu de broussaille;500;23/02/2020;3;AF_2
366;Feu de végétation;50;20/07/2020;22;AF_1
365;Feu de végétation;50;09/07/2020;11;AK_2
364;Feu de végétation;50;03/07/2020;3;AD_1
297;Feu de broussaille;500;14/05/2019;1;AF_2
295;Feu de broussaille;500;15/04/2019;3;AF_2
361;Feu de végétation;50;12/10/2019;7;AF_1
294;Feu de broussaille;500;31/03/2019;9;AF_2
359;Feu de végétation;50;18/09/2019;1;AB_2
358;Feu de végétation;50;09/09/2019;2;AK_2
357;Feu de végétation;50;08/09/2019;19;AD_1
356;Feu de végétation;50;29/08/2019;18;AC_1
355;Feu de végétation;50;29/08/2019;17;AD_1
226;Feu de forêt;5000;17/09/2019;2;AF_2
166;Feu de broussaille;545;17/08/2018;15;AF_2
127;Feu de forêt;6000;02/04/2019;12;AF_2
351;Feu de végétation;50;01/08/2019;15;AE_1
350;Feu de végétation;50;24/07/2019;7;AE_1
349;Feu de végétation;50;17/07/2019;14;AH_1
94;Feu de forêt;7000;21/07/2020;9;AF_2
92;Feu de forêt;7000;12/09/2019;2;AF_2
346;Feu de végétation;50;19/04/2019;13;AF_1
81;Feu de forêt;75000;21/09/2019;19;AF_2
344;Feu de végétation;50;29/03/2019;4;AC_2
74;Feu de broussaille;80;12/08/2020;1;AF_2
342;Feu de végétation;50;20/03/2019;17;AL_2
70;Feu de forêt;800;12/04/2021;15;AF_2
340;Feu de végétation;50;21/02/2019;10;AD_1
339;Feu de végétation;50;13/02/2019;20;AG_1
338;Feu de végétation;50;07/01/2019;9;AD_1
15;Feu de forêt;8165;08/07/2020;3;AF_2
1524;Feu de végétation;1;30/03/2021;7;AG_2
335;Feu de végétation;50;27/04/2018;21;AG_1
334;Feu de broussaille;500;18/10/2021;18;AE_1
333;Feu de broussaille;500;07/09/2021;7;AD_1
1515;Feu de végétation;1;03/02/2020;9;AG_2
1514;Feu de végétation;1;20/09/2019;5;AG_2
330;Feu de broussaille;500;27/04/2021;5;AE_1
1510;Feu de végétation;1;24/03/2019;13;AG_2
328;Feu de broussaille;500;22/04/2021;13;AE_1
1509;Feu de végétation;1;13/03/2019;1;AG_2
1507;Feu de végétation;1;06/03/2019;5;AG_2
325;Feu de broussaille;500;21/03/2021;8;AD_1
324;Feu de broussaille;500;04/03/2021;19;AB_2
323;Feu de broussaille;500;10/09/2020;7;AE_1
322;Feu de broussaille;500;11/08/2020;10;AF_1
1506;Feu de végétation;1;03/03/2019;13;AG_2
1502;Feu de végétation;10;23/08/2021;2;AG_2
1485;Feu de végétation;10;31/07/2020;10;AG_2
318;Feu de broussaille;500;07/08/2020;5;AG_1
1484;Feu de végétation;10;30/07/2020;16;AG_2
316;Feu de broussaille;500;01/08/2020;18;AB_2
1483;Feu de végétation;10;23/07/2020;21;AG_2
1481;Feu de végétation;10;08/07/2020;16;AG_2
313;Feu de broussaille;500;19/07/2020;8;AD_1
1480;Feu de végétation;10;22/06/2020;6;AG_2
311;Feu de broussaille;500;08/07/2020;5;AF_1
1461;Feu de végétation;10;03/06/2019;14;AG_2
1459;Feu de végétation;10;15/05/2019;8;AG_2
1458;Feu de végétation;10;14/04/2019;9;AG_2
307;Feu de broussaille;500;05/04/2020;2;AE_1
1450;Feu de végétation;10;27/02/2019;10;AG_2
1262;Feu de forêt;10000;07/08/2020;13;AG_2
304;Feu de broussaille;500;11/09/2019;14;AF_1
1253;Feu de forêt;10000;23/06/2020;2;AG_2
1250;Feu de forêt;10000;28/03/2020;7;AG_2
1218;Feu de forêt;10000;26/03/2019;16;AG_2
1135;Feu de végétation;15;23/08/2021;5;AG_2
1102;Feu de forêt;1500;06/07/2020;2;AG_2
298;Feu de broussaille;500;17/07/2019;2;AD_1
1079;Feu de forêt;1500;02/09/2018;15;AG_2
1078;Feu de forêt;1500;27/08/2018;7;AG_2
1061;Feu de forêt;15000;30/07/2020;11;AG_2
1025;Feu de forêt;1954;27/02/2019;13;AG_2
293;Feu de broussaille;500;30/03/2019;16;AE_1
1007;Feu de végétation;20;03/05/2021;11;AG_2
291;Feu de broussaille;500;25/03/2019;9;AG_1
1003;Feu de végétation;20;11/08/2020;8;AG_2
289;Feu de broussaille;500;05/03/2019;14;AD_1
974;Feu de végétation;20;12/07/2018;7;AG_2
287;Feu de broussaille;500;03/03/2019;21;AB_2
286;Feu de broussaille;500;26/02/2019;5;AB_1
285;Feu de broussaille;500;26/02/2019;18;AG_1
284;Feu de broussaille;500;24/02/2019;2;AD_1
283;Feu de broussaille;500;23/02/2019;18;AD_1
282;Feu de broussaille;500;17/02/2019;18;AG_1
281;Feu de broussaille;500;06/10/2018;4;AG_1
280;Feu de broussaille;500;02/10/2018;5;AG_1
279;Feu de broussaille;500;27/09/2018;10;AD_1
968;Feu de broussaille;200;16/08/2021;22;AG_2
277;Feu de broussaille;500;19/09/2018;7;AK_2
967;Feu de broussaille;200;12/08/2021;1;AG_2
275;Feu de broussaille;500;15/09/2018;18;AD_1
936;Feu de broussaille;200;01/09/2019;9;AG_2
273;Feu de broussaille;500;30/08/2018;19;AD_1
920;Feu de broussaille;200;03/09/2018;5;AG_2
271;Feu de broussaille;500;28/08/2018;8;AD_1
270;Feu de broussaille;500;26/08/2018;22;AG_1
269;Feu de broussaille;500;02/08/2018;9;AD_1
268;Feu de broussaille;500;31/07/2018;12;AE_1
267;Feu de broussaille;500;29/07/2018;19;AD_1
266;Feu de broussaille;500;20/04/2018;12;AE_1
877;Feu de forêt;2000;06/09/2019;1;AG_2
847;Feu de forêt;2000;26/02/2018;7;AG_2
793;Feu de forêt;20000;28/03/2019;15;AG_2
791;Feu de forêt;20000;24/03/2019;18;AG_2
736;Feu de forêt;2500;18/06/2019;20;AG_2
260;Feu de forêt;5000;25/04/2021;21;AC_2
259;Feu de forêt;5000;24/04/2021;2;AE_1
258;Feu de forêt;5000;24/04/2021;3;AE_1
257;Feu de forêt;5000;24/04/2021;22;AH_1
726;Feu de forêt;2500;08/09/2018;11;AG_2
255;Feu de forêt;5000;22/04/2021;12;AD_1
705;Feu de végétation;3;26/07/2019;19;AG_2
253;Feu de forêt;5000;17/04/2021;7;AD_1
608;Feu de forêt;3000;27/07/2020;19;AG_2
251;Feu de forêt;5000;03/04/2021;9;AK_1
250;Feu de forêt;5000;28/03/2021;17;AJ_1
249;Feu de forêt;5000;09/03/2021;14;AD_1
248;Feu de forêt;5000;17/09/2020;7;AK_1
247;Feu de forêt;5000;13/09/2020;15;AI_2
246;Feu de forêt;5000;08/09/2020;20;AD_1
588;Feu de forêt;3000;25/07/2019;4;AG_2
581;Feu de forêt;3000;01/04/2019;8;AG_2
243;Feu de forêt;5000;13/08/2020;5;AB_2
242;Feu de forêt;5000;12/08/2020;19;AD_1
241;Feu de forêt;5000;11/08/2020;22;AL_2
557;Feu de forêt;30000;11/08/2020;18;AG_2
239;Feu de forêt;5000;04/08/2020;13;AD_1
238;Feu de forêt;5000;03/08/2020;15;AD_1
237;Feu de forêt;5000;02/08/2020;5;AL_1
236;Feu de forêt;5000;01/08/2020;10;AC_1
235;Feu de forêt;5000;31/07/2020;9;AB_1
234;Feu de forêt;5000;30/07/2020;12;AC_1
233;Feu de forêt;5000;27/07/2020;10;AK_2
554;Feu de forêt;30000;27/07/2020;3;AG_2
231;Feu de forêt;5000;15/04/2020;1;AC_1
230;Feu de forêt;5000;15/04/2020;13;AK_1
229;Feu de forêt;5000;10/04/2020;11;AD_1
228;Feu de forêt;5000;08/04/2020;9;AK_1
227;Feu de forêt;5000;13/10/2019;8;AC_1
551;Feu de forêt;30000;22/09/2019;1;AG_2
533;Feu de forêt;30000;03/09/2018;7;AG_2
224;Feu de forêt;5000;02/08/2019;8;AD_1
223;Feu de forêt;5000;25/07/2019;18;AK_1
509;Feu de forêt;3500000;20/02/2021;20;AG_2
221;Feu de forêt;5000;25/07/2019;15;AC_1
507;Feu de forêt;360000;18/09/2019;16;AG_2
219;Feu de forêt;5000;23/07/2019;16;AG_1
218;Feu de forêt;5000;06/07/2019;1;AK_2
501;Feu de végétation;4;05/04/2021;10;AG_2
216;Feu de forêt;5000;18/06/2019;17;AC_1
215;Feu de forêt;5000;15/04/2019;13;AK_1
500;Feu de végétation;4;04/06/2020;22;AG_2
213;Feu de forêt;5000;31/03/2019;15;AD_1
212;Feu de forêt;5000;30/03/2019;22;AA_1
211;Feu de forêt;5000;03/03/2019;4;AB_1
210;Feu de forêt;5000;22/02/2019;13;AA_1
209;Feu de forêt;5000;03/10/2018;12;AD_1
208;Feu de forêt;5000;29/09/2018;6;AD_1
499;Feu de végétation;4;24/03/2018;4;AG_2
206;Feu de forêt;5000;25/09/2018;15;AE_1
435;Feu de forêt;40000;29/07/2020;10;AG_2
387;Feu de végétation;5;07/04/2020;16;AG_2
203;Feu de forêt;5000;05/09/2018;22;AH_1
202;Feu de forêt;5000;28/08/2018;19;AH_1
383;Feu de végétation;5;27/08/2019;3;AG_2
200;Feu de forêt;5000;06/08/2018;15;AC_1
199;Feu de forêt;5000;03/08/2018;5;AG_1
198;Feu de forêt;5000;18/07/2018;7;AD_1
382;Feu de végétation;5;19/08/2019;22;AG_2
196;Feu de forêt;5000;14/06/2018;11;AD_1
195;Feu de forêt;5000;17/04/2018;10;AD_1
194;Feu de forêt;50000;31/08/2021;10;AD_1
193;Feu de forêt;50000;19/04/2021;5;AE_1
192;Feu de forêt;50000;18/09/2020;15;AB_2
191;Feu de forêt;50000;18/09/2020;5;AE_1
380;Feu de végétation;5;29/08/2018;3;AG_2
189;Feu de forêt;50000;12/08/2020;15;AE_1
188;Feu de forêt;50000;10/04/2020;3;AE_1
372;Feu de végétation;50;12/08/2020;2;AG_2
186;Feu de forêt;50000;21/09/2019;7;AE_1
185;Feu de forêt;50000;19/09/2019;1;AB_2
184;Feu de forêt;50000;18/09/2019;1;AC_1
183;Feu de forêt;50000;02/08/2019;20;AI_2
182;Feu de forêt;50000;25/07/2019;17;AK_2
181;Feu de forêt;50000;14/07/2019;22;AL_2
180;Feu de forêt;50000;15/04/2019;13;AC_1
179;Feu de forêt;50000;28/03/2019;3;AA_2
302;Feu de broussaille;500;29/08/2019;22;AG_2
177;Feu de forêt;50000;23/03/2019;6;AK_1
301;Feu de broussaille;500;03/08/2019;18;AG_2
175;Feu de forêt;50000;22/02/2019;6;AD_1
300;Feu de broussaille;500;31/07/2019;13;AG_2
173;Feu de forêt;50000;07/08/2018;12;AD_1
172;Feu de forêt;50005;16/02/2019;2;AD_1
171;Feu de forêt;5010;04/09/2020;1;AH_1
288;Feu de broussaille;500;04/03/2019;3;AG_2
169;Feu de forêt;5100;21/07/2019;11;AK_1
276;Feu de broussaille;500;16/09/2018;14;AG_2
265;Feu de forêt;5000;11/10/2021;21;AG_2
264;Feu de forêt;5000;06/09/2021;17;AG_2
220;Feu de forêt;5000;24/07/2019;12;AG_2
164;Feu de forêt;55000;07/08/2020;19;AB_2
163;Feu de forêt;55000;03/08/2019;16;AD_1
162;Feu de forêt;55000;09/09/2018;16;AD_1
217;Feu de forêt;5000;25/06/2019;8;AG_2
160;Feu de forêt;550000;10/04/2020;4;AK_1
190;Feu de forêt;50000;03/09/2020;2;AG_2
158;Feu de broussaille;580;30/07/2020;4;AD_1
157;Feu de broussaille;60;26/03/2021;9;AI_2
156;Feu de broussaille;60;31/08/2019;6;AC_1
178;Feu de forêt;50000;24/03/2019;8;AG_2
148;Feu de forêt;600;15/07/2020;10;AG_2
147;Feu de forêt;600;09/04/2020;2;AG_2
152;Feu de broussaille;60;26/09/2018;2;AL_2
146;Feu de forêt;600;13/10/2019;17;AG_2
150;Feu de forêt;600;10/08/2020;14;AF_1
149;Feu de forêt;600;08/08/2020;17;AL_1
78;Feu de forêt;7850;13/09/2020;22;AG_2
59;Feu de forêt;800;02/06/2019;7;AG_2
34;Feu de forêt;8000;11/04/2019;16;AG_2
145;Feu de forêt;600;04/09/2019;7;AG_1
144;Feu de forêt;600;14/08/2019;8;AC_1
33;Feu de forêt;8000;30/03/2019;12;AG_2
32;Feu de forêt;8000;18/03/2019;14;AG_2
141;Feu de forêt;600;06/10/2018;19;AD_1
140;Feu de forêt;600;04/09/2018;2;AD_1
16;Feu de forêt;81500;15/07/2019;17;AG_2
138;Feu de forêt;600;02/08/2018;1;AE_1
137;Feu de forêt;600;27/06/2018;2;AD_1
1501;Feu de végétation;10;15/06/2021;12;AH_2
135;Feu de forêt;6000;03/05/2021;5;AC_2
1419;Feu de broussaille;100;31/07/2020;7;AH_2
1393;Feu de broussaille;100;31/03/2019;4;AH_2
132;Feu de forêt;6000;01/08/2020;11;AD_1
131;Feu de forêt;6000;08/07/2020;2;AD_1
1392;Feu de broussaille;100;23/03/2019;15;AH_2
129;Feu de forêt;6000;25/07/2019;1;AF_1
1244;Feu de forêt;10000;12/09/2019;7;AH_2
1224;Feu de forêt;10000;20/04/2019;7;AH_2
126;Feu de forêt;6000;18/09/2018;6;AF_1
125;Feu de forêt;6000;15/09/2018;11;AG_1
1181;Feu de forêt;10100;10/08/2020;7;AH_2
123;Feu de forêt;6000;03/08/2018;18;AE_1
1150;Feu de forêt;125500;01/03/2020;18;AH_2
121;Feu de forêt;60000;17/09/2020;10;AK_2
120;Feu de forêt;60000;03/08/2020;1;AC_1
119;Feu de forêt;60000;03/08/2020;1;AK_2
118;Feu de forêt;60000;03/09/2019;13;AD_1
1147;Feu de forêt;13000;30/08/2018;12;AH_2
116;Feu de forêt;60000;13/07/2019;17;AL_2
115;Feu de forêt;60000;18/04/2019;9;AD_1
1138;Feu de forêt;14200;03/09/2019;1;AH_2
995;Feu de végétation;20;29/05/2020;7;AH_2
112;Feu de forêt;60000;03/03/2019;16;AF_1
111;Feu de forêt;60000;21/08/2018;9;AA_1
944;Feu de broussaille;200;07/04/2020;15;AH_2
919;Feu de broussaille;200;31/08/2018;8;AH_2
108;Feu de forêt;61620;14/07/2019;19;AJ_2
917;Feu de broussaille;200;12/07/2018;7;AH_2
106;Feu de forêt;64090;14/04/2021;13;AK_1
105;Feu de forêt;65000;07/04/2021;16;AG_1
104;Feu de forêt;6600;15/09/2018;10;AD_1
103;Feu de forêt;67000;04/04/2020;3;AG_1
907;Feu de forêt;2000;31/05/2021;1;AH_2
101;Feu de forêt;6991;28/03/2021;9;AH_1
100;Feu de forêt;700;01/06/2021;7;AD_1
905;Feu de forêt;2000;20/04/2021;17;AH_2
98;Feu de forêt;700;12/09/2020;6;AL_2
97;Feu de forêt;700;22/08/2020;18;AL_2
881;Feu de forêt;2000;23/02/2020;21;AH_2
95;Feu de forêt;700;01/06/2019;12;AL_2
870;Feu de forêt;2000;05/08/2019;5;AH_2
93;Feu de forêt;7000;13/07/2020;20;AC_2
866;Feu de forêt;2000;25/05/2019;16;AH_2
843;Feu de forêt;20000;25/04/2021;14;AH_2
90;Feu de forêt;7000;26/06/2018;9;AH_1
842;Feu de forêt;20000;24/04/2021;22;AH_2
88;Feu de forêt;70000;04/08/2020;13;AE_1
87;Feu de forêt;70000;17/09/2019;15;AH_1
86;Feu de forêt;70000;28/02/2019;3;AA_2
815;Feu de forêt;20000;12/04/2020;1;AH_2
786;Feu de forêt;20000;10/10/2018;19;AH_2
83;Feu de forêt;71000;17/09/2020;13;AD_1
82;Feu de forêt;7392;14/08/2020;3;AC_2
775;Feu de forêt;20000;21/03/2018;21;AH_2
80;Feu de forêt;7600;21/09/2018;9;AG_1
773;Feu de forêt;200000;16/02/2019;6;AH_2
732;Feu de forêt;2500;26/02/2019;6;AH_2
77;Feu de forêt;798600;14/04/2020;18;AD_1
76;Feu de végétation;8;23/04/2021;10;AF_1
729;Feu de forêt;2500;12/10/2018;3;AH_2
713;Feu de forêt;25000;21/04/2018;2;AH_2
73;Feu de broussaille;80;13/07/2020;4;AK_2
72;Feu de broussaille;80;14/04/2020;13;AI_1
707;Feu de forêt;2897000;27/07/2020;20;AH_2
670;Feu de broussaille;300;19/08/2020;12;AH_2
69;Feu de forêt;800;27/02/2021;20;AE_1
68;Feu de forêt;800;02/08/2020;22;AE_1
67;Feu de forêt;800;30/07/2020;7;AL_2
667;Feu de broussaille;300;26/07/2020;2;AH_2
65;Feu de forêt;800;19/04/2020;12;AH_1
653;Feu de broussaille;300;08/07/2019;20;AH_2
63;Feu de forêt;800;17/09/2019;14;AD_1
62;Feu de forêt;800;06/07/2019;16;AL_1
61;Feu de forêt;800;05/07/2019;11;AB_1
60;Feu de forêt;800;20/06/2019;15;AB_2
632;Feu de forêt;3000;03/05/2021;13;AH_2
58;Feu de forêt;800;28/03/2019;9;AG_1
57;Feu de forêt;800;03/03/2019;20;AL_1
624;Feu de forêt;3000;07/04/2021;12;AH_2
55;Feu de forêt;800;03/10/2018;20;AD_1
575;Feu de forêt;3000;04/10/2018;7;AH_2
573;Feu de forêt;3000;31/08/2018;2;AH_2
52;Feu de forêt;8000;27/05/2021;3;AI_2
51;Feu de forêt;8000;04/04/2021;11;AI_2
50;Feu de forêt;8000;04/04/2021;17;AC_1
49;Feu de forêt;8000;18/03/2021;4;AD_1
48;Feu de forêt;8000;09/03/2021;10;AD_1
47;Feu de forêt;8000;04/09/2020;4;AC_1
558;Feu de forêt;30000;01/09/2020;12;AH_2
45;Feu de forêt;8000;11/08/2020;11;AD_1
44;Feu de forêt;8000;21/07/2020;19;AK_1
43;Feu de forêt;8000;11/07/2020;16;AL_1
530;Feu de forêt;30000;16/08/2018;12;AH_2
529;Feu de forêt;30000;22/07/2018;3;AH_2
40;Feu de forêt;8000;02/09/2019;14;AD_1
498;Feu de végétation;40;20/10/2021;9;AH_2
461;Feu de forêt;4000;22/04/2021;20;AH_2
433;Feu de forêt;40000;31/03/2020;11;AH_2
36;Feu de forêt;8000;23/07/2019;7;AD_1
423;Feu de forêt;40000;19/04/2019;17;AH_2
347;Feu de végétation;50;13/05/2019;11;AH_2
341;Feu de végétation;50;16/03/2019;18;AH_2
337;Feu de végétation;50;04/08/2018;7;AH_2
262;Feu de forêt;5000;23/08/2021;4;AH_2
30;Feu de forêt;80000;23/04/2021;7;AD_1
29;Feu de forêt;80000;06/04/2021;2;AE_1
256;Feu de forêt;5000;24/04/2021;5;AH_2
27;Feu de forêt;80000;14/07/2020;21;AD_1
26;Feu de forêt;80000;25/08/2019;16;AF_1
25;Feu de forêt;80000;25/07/2019;2;AG_1
24;Feu de forêt;80000;20/04/2019;18;AA_1
207;Feu de forêt;5000;27/09/2018;18;AH_2
174;Feu de forêt;50000;17/02/2019;17;AH_2
21;Feu de forêt;80000;05/03/2019;2;AI_2
20;Feu de forêt;80000;03/03/2019;9;AE_1
168;Feu de forêt;5200;21/09/2019;20;AH_2
161;Feu de forêt;550000;01/09/2021;9;AH_2
17;Feu de forêt;809;28/08/2018;22;AL_1
153;Feu de broussaille;60;05/10/2018;20;AH_2
151;Feu de forêt;600;07/09/2020;20;AH_2
14;Feu de forêt;824;30/08/2021;17;AG_1
13;Feu de forêt;834;04/09/2018;11;AC_2
12;Feu de forêt;84391;13/08/2020;3;AL_1
11;Feu de broussaille;85;16/04/2019;2;AL_1
10;Feu de forêt;8500;10/09/2018;3;AE_1
143;Feu de forêt;600;04/08/2019;10;AH_2
8;Feu de forêt;8700;25/07/2019;8;AL_2
7;Feu de forêt;900;18/09/2021;19;AK_2
6;Feu de forêt;900;20/09/2018;1;AE_1
99;Feu de forêt;700;24/04/2021;1;AH_2
38;Feu de forêt;8000;27/08/2019;14;AH_2
3;Feu de forêt;95000;17/09/2020;6;AE_1
2;Feu de forêt;950000;03/03/2019;6;AK_2
1;Feu de forêt;99500;26/04/2020;10;AH_1
