Numéro;Type;Surface;Année;Cod Cause;Département;CodeDfci
5630;Feu de forêt;10000;01/01/2018;10;2B;D_1
5631;Feu de forêt;13172400;02/01/2018;10;2B;D_1
5632;Feu de forêt;50000;02/01/2018;5;2B;D_1
5633;Feu de forêt;5656800;03/01/2018;20;2B;D_1
5634;Feu de forêt;10000;03/01/2018;18;2B;D_1
5635;Feu de broussaille;100;03/01/2018;15;2B;D_1
5636;Feu de forêt;880000;03/01/2018;19;2B;D_1
5637;Feu de forêt;20000;03/01/2018;12;2B;D_1
5638;Feu de forêt;70000;03/01/2018;22;2B;D_1
5639;Feu de broussaille;500;04/01/2018;12;2A;D_2
5640;Feu de végétation;10;04/01/2018;1;2B;D_1
5641;Feu de végétation;15;04/01/2018;15;2B;D_1
5642;Feu de broussaille;100;04/01/2018;9;2B;D_1
5643;Feu de végétation;30;06/01/2018;14;2A;D_2
5644;Feu de broussaille;200;06/01/2018;6;2A;D_2
5645;Feu de forêt;5000;07/01/2018;4;2B;D_1
5646;Feu de forêt;5000;07/01/2018;5;2B;D_1
5647;Feu de végétation;40;09/01/2018;3;2B;D_1
5648;Feu de forêt;30000;17/01/2018;17;2B;D_1
5649;Feu de forêt;25000;17/01/2018;6;2B;D_1
5650;Feu de forêt;1000;19/01/2018;12;2B;D_1
5651;Feu de broussaille;200;20/01/2018;3;2A;D_2
5652;Feu de forêt;20000;25/01/2018;11;2B;D_1
5653;Feu de forêt;100000;28/01/2018;18;2B;D_1
5654;Feu de broussaille;100;15/02/2018;21;2B;D_1
5655;Feu de végétation;20;09/03/2018;17;2B;D_1
5656;Feu de forêt;2000;22/03/2018;12;2B;D_1
5657;Feu de forêt;4000;23/03/2018;17;2A;D_2
5658;Feu de forêt;600;27/03/2018;3;2A;D_2
5659;Feu de forêt;1500;27/03/2018;18;2B;D_1
5660;Feu de forêt;15000;29/03/2018;9;2B;D_1
5661;Feu de végétation;30;29/03/2018;22;2B;D_1
5662;Feu de broussaille;300;03/04/2018;17;2B;D_1
5663;Feu de forêt;50000;07/04/2018;4;2A;D_2
5664;Feu de broussaille;200;07/04/2018;6;2A;D_2
5665;Feu de végétation;30;08/04/2018;13;2A;D_2
5666;Feu de végétation;20;16/04/2018;4;2B;D_1
5667;Feu de végétation;50;17/04/2018;21;2A;D_2
5668;Feu de végétation;30;19/04/2018;21;2A;D_2
5669;Feu de forêt;1000;19/04/2018;16;2A;D_2
5670;Feu de broussaille;100;20/04/2018;4;2A;D_2
5671;Feu de forêt;10000;20/04/2018;17;2B;D_1
5672;Feu de forêt;1000;21/04/2018;19;2B;D_1
5673;Feu de broussaille;300;22/04/2018;1;2A;D_2
5674;Feu de végétation;50;22/04/2018;3;2A;D_2
5675;Feu de forêt;2000;23/04/2018;20;2B;D_1
5676;Feu de broussaille;100;24/04/2018;17;2B;D_1
5677;Feu de forêt;1500;24/04/2018;7;2A;D_2
5678;Feu de forêt;3000;24/04/2018;21;2B;D_1
5679;Feu de broussaille;300;26/04/2018;15;2A;D_2
5680;Feu de broussaille;300;26/04/2018;9;2B;D_1
5681;Feu de forêt;1500;27/04/2018;4;2A;D_2
5682;Feu de broussaille;200;28/04/2018;21;2A;D_2
5683;Feu de forêt;2000;28/04/2018;21;2A;D_2
5684;Feu de broussaille;300;29/04/2018;17;2A;D_2
5685;Feu de broussaille;300;14/05/2018;11;2A;D_2
5686;Feu de végétation;50;18/05/2018;7;2B;D_1
5687;Feu de broussaille;300;19/05/2018;22;2A;D_2
5688;Feu de forêt;1000;26/05/2018;12;2A;D_2
5689;Feu de végétation;10;02/06/2018;8;2A;D_2
5690;Feu de forêt;2000;02/06/2018;19;2B;D_1
5691;Feu de forêt;2000;03/06/2018;2;2A;D_2
5692;Feu de broussaille;500;03/06/2018;18;2B;D_1
5693;Feu de forêt;15000;09/06/2018;13;2A;D_2
5694;Feu de broussaille;200;09/06/2018;22;2A;D_2
5695;Feu de broussaille;300;16/06/2018;17;2B;D_1
5696;Feu de broussaille;100;18/06/2018;13;2A;D_2
5697;Feu de végétation;50;19/06/2018;15;2A;D_2
5698;Feu de broussaille;500;22/06/2018;5;2A;D_2
5699;Feu de broussaille;500;23/06/2018;19;2A;D_2
5700;Feu de forêt;3000;24/06/2018;8;2A;D_2
5701;Feu de forêt;30000;26/06/2018;9;2B;D_1
5702;Feu de broussaille;200;27/06/2018;1;2A;D_2
5703;Feu de broussaille;500;29/06/2018;14;2A;D_2
5704;Feu de forêt;2000;30/06/2018;1;2B;D_1
5705;Feu de végétation;20;01/07/2018;11;2A;D_2
5706;Feu de végétation;25;03/07/2018;6;2A;D_2
5707;Feu de broussaille;200;07/07/2018;8;2A;D_2
5708;Feu de broussaille;500;09/07/2018;12;2B;D_1
5709;Feu de végétation;20;11/07/2018;2;2A;D_2
5710;Feu de végétation;50;11/07/2018;17;2A;D_2
5711;Feu de végétation;3;12/07/2018;10;2A;D_2
5712;Feu de végétation;10;13/07/2018;2;2A;D_2
5713;Feu de broussaille;500;15/07/2018;19;2B;D_1
5714;Feu de végétation;1;15/07/2018;20;2A;D_2
5715;Feu de broussaille;100;16/07/2018;3;2A;D_2
5716;Feu de broussaille;500;18/07/2018;6;2A;D_2
5717;Feu de broussaille;300;20/07/2018;17;2A;D_2
5718;Feu de végétation;50;22/07/2018;14;2A;D_2
5719;Feu de végétation;10;23/07/2018;19;2A;D_2
5720;Feu de broussaille;305;23/07/2018;21;2A;D_2
5721;Feu de végétation;50;25/07/2018;10;2A;D_2
5722;Feu de broussaille;300;26/07/2018;3;2A;D_2
5723;Feu de forêt;3000;26/07/2018;6;2A;D_2
5724;Feu de végétation;2;26/07/2018;12;2B;D_1
5725;Feu de végétation;20;27/07/2018;15;2B;D_1
5726;Feu de végétation;10;27/07/2018;16;2B;D_1
5727;Feu de végétation;50;29/07/2018;8;2A;D_2
5728;Feu de végétation;30;29/07/2018;21;2A;D_2
5729;Feu de forêt;700;29/07/2018;8;2B;D_1
5730;Feu de végétation;20;29/07/2018;22;2A;D_2
5731;Feu de végétation;20;31/07/2018;19;2A;D_2
5732;Feu de forêt;1600;31/07/2018;10;2A;D_2
5733;Feu de broussaille;200;01/08/2018;2;2A;D_2
5734;Feu de végétation;20;01/08/2018;14;2A;D_2
5735;Feu de végétation;10;02/08/2018;12;2B;D_1
5736;Feu de végétation;1;03/08/2018;5;2A;D_2
5737;Feu de végétation;10;04/08/2018;3;2A;D_2
5738;Feu de végétation;1;05/08/2018;12;2B;D_1
5739;Feu de forêt;8800;06/08/2018;19;2A;D_2
5740;Feu de végétation;10;06/08/2018;15;2A;D_2
5741;Feu de végétation;20;06/08/2018;4;2A;D_2
5742;Feu de végétation;1;07/08/2018;6;2B;D_1
5743;Feu de forêt;1500;07/08/2018;22;2B;D_1
5744;Feu de végétation;1;07/08/2018;19;2A;D_2
5745;Feu de végétation;10;07/08/2018;22;2B;D_1
5746;Feu de végétation;1;07/08/2018;13;2B;D_1
5747;Feu de végétation;1;08/08/2018;2;2B;D_1
5748;Feu de broussaille;300;08/08/2018;10;2A;D_2
5749;Feu de végétation;1;08/08/2018;11;2B;D_1
5750;Feu de végétation;2;09/08/2018;14;2A;D_2
5751;Feu de végétation;10;09/08/2018;15;2B;D_1
5752;Feu de végétation;1;10/08/2018;14;2B;D_1
5753;Feu de végétation;10;10/08/2018;21;2B;D_1
5754;Feu de végétation;5;10/08/2018;15;2B;D_1
5755;Feu de forêt;1800;12/08/2018;9;2A;D_2
5756;Feu de végétation;10;13/08/2018;11;2B;D_1
5757;Feu de broussaille;200;14/08/2018;15;2A;D_2
5758;Feu de végétation;20;15/08/2018;17;2A;D_2
5759;Feu de végétation;2;16/08/2018;7;2B;D_1
5760;Feu de végétation;25;16/08/2018;6;2A;D_2
5761;Feu de forêt;1000;16/08/2018;15;2A;D_2
5762;Feu de végétation;10;17/08/2018;10;2B;D_1
5763;Feu de végétation;10;19/08/2018;20;2B;D_1
5764;Feu de végétation;10;19/08/2018;4;2B;D_1
5765;Feu de végétation;5;20/08/2018;15;2B;D_1
5766;Feu de végétation;1;21/08/2018;4;2A;D_2
5767;Feu de végétation;10;22/08/2018;12;2B;D_1
5768;Feu de broussaille;500;22/08/2018;2;2B;D_1
5769;Feu de végétation;5;23/08/2018;4;2B;D_1
5770;Feu de végétation;5;23/08/2018;14;2B;D_1
5771;Feu de végétation;5;23/08/2018;11;2B;D_1
5772;Feu de végétation;5;23/08/2018;20;2A;D_2
5773;Feu de forêt;40000;24/08/2018;9;2B;D_1
5774;Feu de végétation;1;26/08/2018;1;2A;D_2
5775;Feu de forêt;1150;26/08/2018;10;2A;D_2
5776;Feu de forêt;30000;26/08/2018;16;2B;D_1
5777;Feu de végétation;50;30/08/2018;2;2A;D_2
5778;Feu de broussaille;300;31/08/2018;18;2A;D_2
5779;Feu de forêt;100700;01/09/2018;17;2B;D_1
5780;Feu de forêt;4500;01/09/2018;12;2B;D_1
5781;Feu de forêt;90000;01/09/2018;11;2B;D_1
5782;Feu de broussaille;80;02/09/2018;2;2B;D_1
5783;Feu de végétation;1;02/09/2018;15;2B;D_1
5784;Feu de végétation;50;02/09/2018;7;2A;D_2
5785;Feu de végétation;20;02/09/2018;19;2A;D_2
5786;Feu de végétation;5;06/09/2018;17;2B;D_1
5787;Feu de végétation;5;06/09/2018;11;2B;D_1
5788;Feu de broussaille;200;07/09/2018;12;2A;D_2
5789;Feu de forêt;35000;12/09/2018;7;2B;D_1
5790;Feu de broussaille;150;12/09/2018;4;2A;D_2
5791;Feu de végétation;10;18/09/2018;3;2B;D_1
5792;Feu de végétation;50;19/09/2018;19;2A;D_2
5793;Feu de broussaille;500;22/09/2018;20;2A;D_2
5794;Feu de végétation;6;22/09/2018;14;2A;D_2
5795;Feu de forêt;1500;23/09/2018;2;2A;D_2
5796;Feu de végétation;20;23/09/2018;16;2A;D_2
5797;Feu de végétation;50;23/09/2018;5;2A;D_2
5798;Feu de forêt;30000;24/09/2018;11;2B;D_1
5799;Feu de végétation;1;25/09/2018;9;2A;D_2
5800;Feu de forêt;2600;26/09/2018;2;2B;D_1
5801;Feu de forêt;2500;30/09/2018;18;2A;D_2
5802;Feu de végétation;10;02/10/2018;14;2A;D_2
5803;Feu de forêt;690;02/10/2018;13;2A;D_2
5804;Feu de forêt;2000;03/10/2018;4;2B;D_1
5805;Feu de broussaille;500;04/10/2018;19;2A;D_2
5806;Feu de végétation;20;04/10/2018;18;2A;D_2
5807;Feu de forêt;750;04/10/2018;9;2B;D_1
5808;Feu de végétation;50;04/10/2018;2;2A;D_2
5809;Feu de forêt;1000;05/10/2018;2;2A;D_2
5810;Feu de végétation;25;08/10/2018;4;2A;D_2
5811;Feu de forêt;1000;09/10/2018;2;2A;D_2
5812;Feu de broussaille;500;09/10/2018;5;2A;D_2
5813;Feu de broussaille;500;13/10/2018;1;2A;D_2
5814;Feu de végétation;50;13/10/2018;6;2A;D_2
5815;Feu de forêt;3000;14/10/2018;7;2A;D_2
5816;Feu de forêt;900;19/10/2018;6;2A;D_2
5817;Feu de broussaille;500;20/10/2018;22;2A;D_2
5818;Feu de broussaille;500;23/10/2018;3;2A;D_2
5819;Feu de broussaille;200;23/10/2018;14;2A;D_2
5820;Feu de végétation;50;23/10/2018;8;2A;D_2
5821;Feu de broussaille;100;25/10/2018;14;2A;D_2
5822;Feu de forêt;1550;25/10/2018;19;2A;D_2
5823;Feu de végétation;15;25/10/2018;16;2A;D_2
5824;Feu de végétation;50;27/10/2018;20;2A;D_2
5825;Feu de végétation;50;27/10/2018;2;2A;D_2
5826;Feu de végétation;1;03/11/2018;20;2A;D_2
5827;Feu de végétation;20;07/11/2018;7;2A;D_2
5828;Feu de végétation;10;16/11/2018;17;2A;D_2
5829;Feu de végétation;50;17/11/2018;3;2A;D_2
5830;Feu de forêt;13000;09/12/2018;11;2A;D_2
5831;Feu de broussaille;500;09/12/2018;9;2A;D_2
5832;Feu de forêt;4000;09/12/2018;7;2A;D_2
5833;Feu de forêt;20000;10/12/2018;21;2B;D_1
5834;Feu de végétation;20;10/12/2018;10;2B;D_1
5835;Feu de végétation;10;10/12/2018;22;2A;D_2
5836;Feu de forêt;10000;26/12/2018;11;2A;D_2
5837;Feu de forêt;325600;29/12/2018;20;2B;D_1
5838;Feu de forêt;786400;01/01/2019;21;2A;D_2
5839;Feu de forêt;8000;02/01/2019;4;2B;D_1
5840;Feu de forêt;1500;03/01/2019;12;2B;D_1
5841;Feu de forêt;1500;04/01/2019;21;2B;D_1
5842;Feu de végétation;50;04/01/2019;9;2A;D_2
5843;Feu de forêt;1500;06/01/2019;21;2B;D_1
5844;Feu de forêt;2000;06/01/2019;11;2A;D_2
5845;Feu de végétation;20;07/01/2019;16;2B;D_1
5846;Feu de végétation;15;08/01/2019;11;2A;D_2
5847;Feu de broussaille;150;10/01/2019;1;2A;D_2
5848;Feu de forêt;40000;10/01/2019;17;2B;D_1
5849;Feu de forêt;20000;11/01/2019;15;2B;D_1
5850;Feu de broussaille;100;12/01/2019;5;2B;D_1
5851;Feu de broussaille;300;12/01/2019;9;2B;D_1
5852;Feu de végétation;20;12/01/2019;19;2A;D_2
5853;Feu de végétation;50;14/01/2019;2;2A;D_2
5854;Feu de forêt;2000;14/01/2019;4;2B;D_1
5855;Feu de broussaille;500;14/01/2019;19;2B;D_1
5856;Feu de forêt;1061400;14/01/2019;6;2B;D_1
5857;Feu de forêt;4500;15/01/2019;7;2B;D_1
5858;Feu de forêt;5000;17/01/2019;6;2B;D_1
5859;Feu de forêt;5000;19/01/2019;21;2B;D_1
5860;Feu de forêt;20000;20/01/2019;22;2B;D_1
5861;Feu de broussaille;400;26/01/2019;15;2A;D_2
5862;Feu de végétation;3;27/01/2019;22;2A;D_2
5863;Feu de broussaille;200;06/02/2019;11;2A;D_2
5864;Feu de broussaille;100;09/02/2019;2;2A;D_2
5865;Feu de broussaille;200;11/02/2019;6;2A;D_2
5866;Feu de végétation;15;12/02/2019;14;2B;D_1
5867;Feu de broussaille;100;12/02/2019;19;2A;D_2
5868;Feu de forêt;70000;12/02/2019;14;2B;D_1
5869;Feu de forêt;600;12/02/2019;9;2B;D_1
5870;Feu de broussaille;100;12/02/2019;20;2B;D_1
5871;Feu de forêt;6000;12/02/2019;4;2B;D_1
5872;Feu de broussaille;100;12/02/2019;19;2B;D_1
5873;Feu de broussaille;100;12/02/2019;9;2A;D_2
5874;Feu de broussaille;200;12/02/2019;6;2B;D_1
5875;Feu de végétation;5;13/02/2019;10;2B;D_1
5876;Feu de végétation;40;13/02/2019;16;2A;D_2
5877;Feu de broussaille;200;13/02/2019;17;2A;D_2
5878;Feu de végétation;20;13/02/2019;5;2A;D_2
5879;Feu de forêt;1500;14/02/2019;19;2A;D_2
5880;Feu de végétation;50;14/02/2019;16;2A;D_2
5881;Feu de forêt;2000;16/02/2019;20;2B;D_1
5882;Feu de broussaille;100;16/02/2019;11;2B;D_1
5883;Feu de végétation;5;16/02/2019;16;2B;D_1
5884;Feu de forêt;800;20/02/2019;6;2A;D_2
5885;Feu de forêt;800;20/02/2019;10;2A;D_2
5886;Feu de forêt;996300;23/02/2019;22;2B;D_1
5887;Feu de végétation;10;23/02/2019;22;2A;D_2
5888;Feu de végétation;40;23/02/2019;1;2A;D_2
5889;Feu de forêt;3000;23/02/2019;12;2B;D_1
5890;Feu de forêt;15000;23/02/2019;20;2B;D_1
5891;Feu de forêt;286000;23/02/2019;6;2A;D_2
5892;Feu de végétation;40;23/02/2019;2;2A;D_2
5893;Feu de forêt;710000;23/02/2019;13;2A;D_2
5894;Feu de forêt;11101600;23/02/2019;16;2B;D_1
5895;Feu de forêt;4000;23/02/2019;21;2B;D_1
5896;Feu de forêt;12400;24/02/2019;21;2A;D_2
5897;Feu de forêt;5000;24/02/2019;12;2B;D_1
5898;Feu de broussaille;400;24/02/2019;5;2A;D_2
5899;Feu de forêt;100000;24/02/2019;7;2B;D_1
5900;Feu de forêt;130000;24/02/2019;8;2B;D_1
5901;Feu de forêt;5000;24/02/2019;11;2A;D_2
5902;Feu de broussaille;200;24/02/2019;16;2A;D_2
5903;Feu de broussaille;400;24/02/2019;19;2A;D_2
5904;Feu de broussaille;500;24/02/2019;2;2B;D_1
5905;Feu de forêt;10000;25/02/2019;9;2B;D_1
5906;Feu de broussaille;300;25/02/2019;3;2B;D_1
5907;Feu de forêt;2000;25/02/2019;22;2A;D_2
5908;Feu de végétation;20;26/02/2019;1;2A;D_2
5909;Feu de forêt;1000;26/02/2019;17;2B;D_1
5910;Feu de forêt;7000;28/02/2019;22;2B;D_1
5911;Feu de broussaille;500;01/03/2019;17;2A;D_2
5912;Feu de broussaille;200;02/03/2019;7;2A;D_2
5913;Feu de végétation;30;02/03/2019;20;2A;D_2
5914;Feu de forêt;600;03/03/2019;3;2B;D_1
5915;Feu de végétation;50;03/03/2019;13;2B;D_1
5916;Feu de végétation;5;03/03/2019;21;2B;D_1
5917;Feu de broussaille;300;05/03/2019;8;2B;D_1
5918;Feu de végétation;30;05/03/2019;22;2B;D_1
5919;Feu de forêt;2000;05/03/2019;4;2B;D_1
5920;Feu de forêt;3000;06/03/2019;4;2A;D_2
5921;Feu de forêt;12000;08/03/2019;16;2B;D_1
5922;Feu de forêt;2000;09/03/2019;1;2A;D_2
5923;Feu de forêt;1500;10/03/2019;3;2B;D_1
5924;Feu de végétation;15;10/03/2019;15;2B;D_1
5925;Feu de végétation;50;10/03/2019;21;2B;D_1
5926;Feu de végétation;2;10/03/2019;16;2B;D_1
5927;Feu de végétation;50;10/03/2019;1;2B;D_1
5928;Feu de broussaille;150;10/03/2019;22;2B;D_1
5929;Feu de forêt;600;10/03/2019;7;2B;D_1
5930;Feu de forêt;20000;10/03/2019;21;2B;D_1
5931;Feu de forêt;5000;10/03/2019;20;2A;D_2
5932;Feu de broussaille;150;11/03/2019;14;2A;D_2
5933;Feu de forêt;20000;11/03/2019;19;2B;D_1
5934;Feu de forêt;3000;11/03/2019;13;2B;D_1
5935;Feu de broussaille;80;11/03/2019;6;2A;D_2
5936;Feu de broussaille;300;11/03/2019;3;2A;D_2
5937;Feu de broussaille;200;11/03/2019;9;2B;D_1
5938;Feu de forêt;35000;11/03/2019;22;2B;D_1
5939;Feu de forêt;3000;12/03/2019;21;2B;D_1
5940;Feu de forêt;25000;14/03/2019;19;2B;D_1
5941;Feu de broussaille;60;16/03/2019;2;2B;D_1
5942;Feu de forêt;2500;17/03/2019;5;2A;D_2
5943;Feu de végétation;5;19/03/2019;2;2B;D_1
5944;Feu de broussaille;100;19/03/2019;8;2A;D_2
5945;Feu de végétation;20;20/03/2019;9;2A;D_2
5946;Feu de forêt;5000;20/03/2019;10;2B;D_1
5947;Feu de végétation;20;22/03/2019;20;2A;D_2
5948;Feu de forêt;200000;23/03/2019;13;2B;D_1
5949;Feu de broussaille;80;23/03/2019;3;2B;D_1
5950;Feu de forêt;5000;23/03/2019;13;2B;D_1
5951;Feu de végétation;10;23/03/2019;15;2A;D_2
5952;Feu de forêt;3000;25/03/2019;12;2B;D_1
5953;Feu de végétation;1;25/03/2019;22;2A;D_2
5954;Feu de végétation;40;26/03/2019;7;2A;D_2
5955;Feu de forêt;1000;26/03/2019;21;2A;D_2
5956;Feu de végétation;2;28/03/2019;15;2A;D_2
5957;Feu de forêt;1000;28/03/2019;3;2A;D_2
5958;Feu de forêt;1000;28/03/2019;3;2B;D_1
5959;Feu de broussaille;200;28/03/2019;20;2A;D_2
5960;Feu de forêt;9000;29/03/2019;12;2A;D_2
5961;Feu de broussaille;200;30/03/2019;18;2A;D_2
5962;Feu de broussaille;200;30/03/2019;22;2A;D_2
5963;Feu de broussaille;200;30/03/2019;4;2A;D_2
5964;Feu de broussaille;500;30/03/2019;13;2B;D_1
5965;Feu de végétation;20;01/04/2019;5;2A;D_2
5966;Feu de forêt;5000;01/04/2019;4;2B;D_1
5967;Feu de broussaille;300;02/04/2019;14;2B;D_1
5968;Feu de végétation;30;02/04/2019;9;2A;D_2
5969;Feu de broussaille;200;03/04/2019;5;2A;D_2
5970;Feu de forêt;1000;05/04/2019;22;2A;D_2
5971;Feu de végétation;20;06/04/2019;1;2A;D_2
5972;Feu de forêt;1500;06/04/2019;16;2A;D_2
5973;Feu de forêt;20000;17/04/2019;21;2A;D_2
5974;Feu de broussaille;100;18/04/2019;22;2A;D_2
5975;Feu de forêt;600;21/04/2019;22;2A;D_2
5976;Feu de broussaille;300;21/04/2019;1;2A;D_2
5977;Feu de forêt;10000;21/04/2019;19;2B;D_1
5978;Feu de forêt;1000;22/04/2019;7;2A;D_2
5979;Feu de forêt;1000;02/05/2019;5;2A;D_2
5980;Feu de végétation;30;03/05/2019;20;2A;D_2
5981;Feu de végétation;40;04/05/2019;6;2A;D_2
5982;Feu de végétation;40;08/05/2019;7;2A;D_2
5983;Feu de broussaille;200;08/05/2019;14;2A;D_2
5984;Feu de broussaille;400;09/05/2019;19;2A;D_2
5985;Feu de végétation;1;10/05/2019;10;2A;D_2
5986;Feu de broussaille;400;12/05/2019;6;2A;D_2
5987;Feu de végétation;20;13/05/2019;15;2A;D_2
5988;Feu de forêt;2000;14/05/2019;7;2A;D_2
5989;Feu de forêt;10000;14/05/2019;5;2A;D_2
5990;Feu de broussaille;300;16/05/2019;1;2A;D_2
5991;Feu de végétation;1;19/05/2019;17;2A;D_2
5992;Feu de végétation;30;21/05/2019;5;2A;D_2
5993;Feu de végétation;10;22/05/2019;8;2A;D_2
5994;Feu de broussaille;100;23/05/2019;2;2A;D_2
5995;Feu de végétation;50;26/05/2019;10;2B;D_1
5996;Feu de végétation;5;01/06/2019;12;2A;D_2
5997;Feu de broussaille;100;03/06/2019;11;2A;D_2
5998;Feu de forêt;6550;05/06/2019;3;2A;D_2
5999;Feu de végétation;10;06/06/2019;16;2A;D_2
6000;Feu de végétation;10;06/06/2019;5;2A;D_2
6001;Feu de végétation;30;06/06/2019;16;2A;D_2
6002;Feu de végétation;5;07/06/2019;15;2A;D_2
6003;Feu de broussaille;100;08/06/2019;19;2A;D_2
6004;Feu de broussaille;100;09/06/2019;18;2A;D_2
6005;Feu de végétation;6;11/06/2019;14;2A;D_2
6006;Feu de broussaille;300;13/06/2019;21;2A;D_2
6007;Feu de broussaille;200;14/06/2019;17;2A;D_2
6008;Feu de végétation;1;14/06/2019;9;2A;D_2
6009;Feu de végétation;1;14/06/2019;4;2A;D_2
6010;Feu de forêt;73800;14/06/2019;2;2A;D_2
6011;Feu de broussaille;200;14/06/2019;14;2B;D_1
6012;Feu de végétation;5;14/06/2019;13;2A;D_2
6013;Feu de végétation;50;18/06/2019;12;2A;D_2
6014;Feu de végétation;3;18/06/2019;18;2A;D_2
6015;Feu de broussaille;400;19/06/2019;21;2A;D_2
6016;Feu de végétation;2;19/06/2019;18;2A;D_2
6017;Feu de végétation;1;22/06/2019;20;2A;D_2
6018;Feu de forêt;1140;22/06/2019;4;2A;D_2
6019;Feu de broussaille;300;23/06/2019;16;2B;D_1
6020;Feu de broussaille;200;23/06/2019;17;2A;D_2
6021;Feu de forêt;165000;25/06/2019;10;2B;D_1
6022;Feu de forêt;10000;25/06/2019;9;2B;D_1
6023;Feu de forêt;800;28/06/2019;16;2A;D_2
6024;Feu de broussaille;300;29/06/2019;7;2A;D_2
6025;Feu de végétation;1;29/06/2019;20;2A;D_2
6026;Feu de végétation;5;01/07/2019;18;2A;D_2
6027;Feu de broussaille;500;01/07/2019;21;2A;D_2
6028;Feu de broussaille;200;01/07/2019;14;2A;D_2
6029;Feu de végétation;10;01/07/2019;4;2A;D_2
6030;Feu de végétation;30;03/07/2019;3;2B;D_1
6031;Feu de broussaille;500;03/07/2019;12;2B;D_1
6032;Feu de végétation;20;03/07/2019;11;2B;D_1
6033;Feu de forêt;1100;03/07/2019;10;2A;D_2
6034;Feu de broussaille;200;04/07/2019;3;2B;D_1
6035;Feu de forêt;40000;05/07/2019;16;2B;D_1
6036;Feu de forêt;5000;06/07/2019;19;2B;D_1
6037;Feu de forêt;150000;08/07/2019;19;2B;D_1
6038;Feu de forêt;2000;08/07/2019;13;2B;D_1
6039;Feu de végétation;10;10/07/2019;2;2B;D_1
6040;Feu de végétation;20;10/07/2019;22;2B;D_1
6041;Feu de forêt;1500;11/07/2019;17;2B;D_1
6042;Feu de végétation;22;15/07/2019;22;2A;D_2
6043;Feu de végétation;15;15/07/2019;14;2A;D_2
6044;Feu de végétation;50;20/07/2019;20;2A;D_2
6045;Feu de broussaille;200;20/07/2019;22;2A;D_2
6046;Feu de forêt;41400;21/07/2019;5;2B;D_1
6047;Feu de végétation;20;23/07/2019;4;2A;D_2
6048;Feu de broussaille;500;23/07/2019;9;2A;D_2
6049;Feu de forêt;3000;25/07/2019;18;2B;D_1
6050;Feu de végétation;4;26/07/2019;12;2A;D_2
6051;Feu de végétation;20;26/07/2019;9;2A;D_2
6052;Feu de végétation;50;27/07/2019;6;2A;D_2
6053;Feu de broussaille;100;27/07/2019;16;2B;D_1
6054;Feu de végétation;10;27/07/2019;20;2B;D_1
6055;Feu de végétation;30;28/07/2019;19;2A;D_2
6056;Feu de végétation;10;28/07/2019;15;2B;D_1
6057;Feu de végétation;10;28/07/2019;19;2B;D_1
6058;Feu de végétation;10;01/08/2019;4;2A;D_2
6059;Feu de forêt;2000;01/08/2019;15;2B;D_1
6060;Feu de végétation;40;01/08/2019;6;2A;D_2
6061;Feu de végétation;20;02/08/2019;11;2A;D_2
6062;Feu de végétation;15;03/08/2019;12;2A;D_2
6063;Feu de broussaille;455;04/08/2019;14;2A;D_2
6064;Feu de broussaille;57;07/08/2019;9;2B;D_1
6065;Feu de forêt;1000;07/08/2019;8;2B;D_1
6066;Feu de végétation;15;07/08/2019;12;2B;D_1
6067;Feu de végétation;10;07/08/2019;12;2B;D_1
6068;Feu de végétation;20;08/08/2019;21;2A;D_2
6069;Feu de broussaille;300;08/08/2019;15;2B;D_1
6070;Feu de broussaille;80;08/08/2019;8;2A;D_2
6071;Feu de végétation;10;09/08/2019;7;2B;D_1
6072;Feu de forêt;1200;10/08/2019;13;2B;D_1
6073;Feu de végétation;20;11/08/2019;13;2A;D_2
6074;Feu de broussaille;70;13/08/2019;12;2A;D_2
6075;Feu de végétation;50;14/08/2019;13;2A;D_2
6076;Feu de forêt;120000;14/08/2019;4;2B;D_1
6077;Feu de végétation;15;15/08/2019;19;2A;D_2
6078;Feu de forêt;1265;18/08/2019;15;2A;D_2
6079;Feu de broussaille;54;19/08/2019;10;2A;D_2
6080;Feu de forêt;3000;21/08/2019;10;2A;D_2
6081;Feu de broussaille;400;22/08/2019;15;2A;D_2
6082;Feu de végétation;20;22/08/2019;10;2A;D_2
6083;Feu de végétation;10;22/08/2019;10;2B;D_1
6084;Feu de végétation;10;22/08/2019;22;2B;D_1
6085;Feu de végétation;50;22/08/2019;20;2A;D_2
6086;Feu de broussaille;92;23/08/2019;20;2A;D_2
6087;Feu de broussaille;100;23/08/2019;8;2A;D_2
6088;Feu de broussaille;200;23/08/2019;19;2A;D_2
6089;Feu de forêt;1500;25/08/2019;16;2A;D_2
6090;Feu de végétation;20;26/08/2019;3;2A;D_2
6091;Feu de forêt;5000;28/08/2019;11;2A;D_2
6092;Feu de végétation;20;28/08/2019;18;2A;D_2
6093;Feu de forêt;41000;28/08/2019;8;2B;D_1
6094;Feu de forêt;1300;28/08/2019;21;2B;D_1
6095;Feu de végétation;5;29/08/2019;5;2A;D_2
6096;Feu de végétation;1;30/08/2019;10;2A;D_2
6097;Feu de broussaille;100;31/08/2019;6;2A;D_2
6098;Feu de végétation;1;01/09/2019;14;2A;D_2
6099;Feu de broussaille;100;02/09/2019;5;2B;D_1
6100;Feu de forêt;600;02/09/2019;11;2A;D_2
6101;Feu de forêt;5400;02/09/2019;14;2A;D_2
6102;Feu de végétation;30;02/09/2019;14;2B;D_1
6103;Feu de végétation;10;03/09/2019;10;2B;D_1
6104;Feu de broussaille;100;03/09/2019;5;2B;D_1
6105;Feu de forêt;5400;03/09/2019;17;2A;D_2
6106;Feu de forêt;51000;04/09/2019;10;2B;D_1
6107;Feu de forêt;15000;06/09/2019;6;2B;D_1
6108;Feu de forêt;2000;08/09/2019;6;2B;D_1
6109;Feu de forêt;50000;08/09/2019;5;2B;D_1
6110;Feu de forêt;17900;08/09/2019;15;2B;D_1
6111;Feu de forêt;21800;08/09/2019;3;2B;D_1
6112;Feu de forêt;1500;08/09/2019;17;2B;D_1
6113;Feu de forêt;800;08/09/2019;20;2A;D_2
6114;Feu de broussaille;200;09/09/2019;10;2B;D_1
6115;Feu de forêt;1470;09/09/2019;6;2A;D_2
6116;Feu de forêt;12000;10/09/2019;16;2A;D_2
6117;Feu de forêt;83000;10/09/2019;4;2A;D_2
6118;Feu de broussaille;70;10/09/2019;15;2A;D_2
6119;Feu de forêt;43000;11/09/2019;12;2B;D_1
6120;Feu de broussaille;100;11/09/2019;5;2A;D_2
6121;Feu de forêt;1019;11/09/2019;10;2A;D_2
6122;Feu de broussaille;500;13/09/2019;15;2B;D_1
6123;Feu de forêt;219200;13/09/2019;13;2B;D_1
6124;Feu de végétation;20;13/09/2019;5;2B;D_1
6125;Feu de broussaille;100;13/09/2019;11;2A;D_2
6126;Feu de broussaille;300;13/09/2019;9;2A;D_2
6127;Feu de forêt;3000;14/09/2019;1;2B;D_1
6128;Feu de forêt;5000;15/09/2019;16;2B;D_1
6129;Feu de broussaille;200;15/09/2019;7;2B;D_1
6130;Feu de broussaille;300;15/09/2019;3;2A;D_2
6131;Feu de forêt;71400;17/09/2019;7;2B;D_1
6132;Feu de forêt;9500;17/09/2019;9;2B;D_1
6133;Feu de végétation;50;19/09/2019;11;2A;D_2
6134;Feu de végétation;40;20/09/2019;7;2A;D_2
6135;Feu de forêt;1000;20/09/2019;15;2A;D_2
6136;Feu de végétation;20;20/09/2019;5;2A;D_2
6137;Feu de forêt;1000;21/09/2019;14;2B;D_1
6138;Feu de forêt;2500;21/09/2019;8;2A;D_2
6139;Feu de broussaille;100;23/09/2019;2;2A;D_2
6140;Feu de végétation;1;25/09/2019;21;2A;D_2
6141;Feu de végétation;10;25/09/2019;12;2A;D_2
6142;Feu de forêt;15000;25/09/2019;9;2B;D_1
6143;Feu de broussaille;420;27/09/2019;4;2A;D_2
6144;Feu de forêt;4000;28/09/2019;20;2B;D_1
6145;Feu de forêt;800;28/09/2019;2;2B;D_1
6146;Feu de forêt;3000;29/09/2019;5;2A;D_2
6147;Feu de forêt;15000;30/09/2019;1;2B;D_1
6148;Feu de forêt;10000;30/09/2019;3;2B;D_1
6149;Feu de forêt;2000;30/09/2019;12;2A;D_2
6150;Feu de végétation;20;02/10/2019;1;2B;D_1
6151;Feu de végétation;10;03/10/2019;17;2A;D_2
6152;Feu de forêt;566000;04/10/2019;1;2B;D_1
6153;Feu de forêt;35000;06/10/2019;15;2A;D_2
6154;Feu de forêt;15000;06/10/2019;18;2B;D_1
6155;Feu de forêt;208000;09/10/2019;19;2A;D_2
6156;Feu de forêt;3000;12/10/2019;9;2B;D_1
6157;Feu de broussaille;200;13/10/2019;2;2B;D_1
6158;Feu de forêt;2000;13/10/2019;12;2B;D_1
6159;Feu de végétation;1;15/10/2019;11;2A;D_2
6160;Feu de végétation;1;16/10/2019;7;2A;D_2
6161;Feu de forêt;600;17/10/2019;7;2A;D_2
6162;Feu de végétation;5;17/10/2019;1;2A;D_2
6163;Feu de broussaille;200;19/10/2019;16;2A;D_2
6164;Feu de forêt;1000;19/10/2019;7;2A;D_2
6165;Feu de broussaille;300;19/10/2019;4;2A;D_2
6166;Feu de forêt;8000;20/10/2019;1;2A;D_2
6167;Feu de forêt;5000;20/10/2019;2;2B;D_1
6168;Feu de forêt;3000;20/10/2019;10;2A;D_2
6169;Feu de broussaille;500;20/10/2019;8;2A;D_2
6170;Feu de broussaille;500;20/10/2019;7;2A;D_2
6171;Feu de broussaille;500;21/10/2019;15;2A;D_2
6172;Feu de végétation;10;21/10/2019;3;2A;D_2
6173;Feu de végétation;1;22/10/2019;9;2A;D_2
6174;Feu de broussaille;300;22/10/2019;5;2A;D_2
6175;Feu de forêt;3000;22/10/2019;15;2A;D_2
6176;Feu de végétation;1;23/10/2019;2;2A;D_2
6177;Feu de végétation;1;23/10/2019;10;2A;D_2
6178;Feu de forêt;50000;23/10/2019;8;2B;D_1
6179;Feu de végétation;1;23/10/2019;19;2A;D_2
6180;Feu de forêt;3000;23/10/2019;16;2A;D_2
6181;Feu de végétation;10;23/10/2019;17;2A;D_2
6182;Feu de végétation;30;23/10/2019;2;2A;D_2
6183;Feu de végétation;20;23/10/2019;2;2A;D_2
6184;Feu de broussaille;200;23/10/2019;15;2A;D_2
6185;Feu de broussaille;300;23/10/2019;22;2A;D_2
6186;Feu de forêt;1000;23/10/2019;12;2A;D_2
6187;Feu de broussaille;200;23/10/2019;5;2A;D_2
6188;Feu de broussaille;400;27/10/2019;22;2A;D_2
6189;Feu de végétation;1;28/10/2019;22;2A;D_2
6190;Feu de broussaille;500;28/10/2019;20;2A;D_2
6191;Feu de forêt;1500;29/10/2019;5;2A;D_2
6192;Feu de végétation;1;31/10/2019;4;2A;D_2
6193;Feu de végétation;1;31/10/2019;19;2A;D_2
6194;Feu de végétation;50;31/10/2019;10;2A;D_2
6195;Feu de végétation;50;01/11/2019;4;2A;D_2
6196;Feu de broussaille;200;01/11/2019;4;2A;D_2
6197;Feu de végétation;30;13/12/2019;5;2B;D_1
6198;Feu de végétation;1;17/12/2019;22;2A;D_2
6199;Feu de broussaille;400;30/12/2019;7;2B;D_1
6200;Feu de végétation;1;01/01/2020;3;2A;D_2
6201;Feu de broussaille;100;04/01/2020;3;2A;D_2
6202;Feu de végétation;1;04/01/2020;22;2A;D_2
6203;Feu de forêt;40000;05/01/2020;5;2B;D_1
6204;Feu de végétation;1;08/01/2020;1;2A;D_2
6205;Feu de forêt;5000;11/01/2020;5;2B;D_1
6206;Feu de végétation;1;12/01/2020;17;2A;D_2
6207;Feu de forêt;56038;12/01/2020;13;2A;D_2
6208;Feu de forêt;3000;12/01/2020;9;2B;D_1
6209;Feu de forêt;10000;13/01/2020;7;2A;D_2
6210;Feu de broussaille;100;15/01/2020;1;2B;D_1
6211;Feu de forêt;5000;15/01/2020;12;2B;D_1
6212;Feu de forêt;1000;15/01/2020;2;2B;D_1
6213;Feu de végétation;5;15/01/2020;11;2B;D_1
6214;Feu de végétation;50;16/01/2020;9;2A;D_2
6215;Feu de forêt;1500;18/01/2020;15;2B;D_1
6216;Feu de forêt;30000;23/01/2020;7;2A;D_2
6217;Feu de végétation;10;26/01/2020;9;2B;D_1
6218;Feu de végétation;1;28/01/2020;12;2A;D_2
6219;Feu de forêt;10000;30/01/2020;21;2B;D_1
6220;Feu de forêt;10000;30/01/2020;17;2B;D_1
6221;Feu de forêt;110000;02/02/2020;20;2B;D_1
6222;Feu de broussaille;300;03/02/2020;15;2B;D_1
6223;Feu de forêt;31392900;04/02/2020;17;2A;D_2
6224;Feu de forêt;3000;04/02/2020;17;2A;D_2
6225;Feu de broussaille;80;04/02/2020;9;2A;D_2
6226;Feu de forêt;1000;04/02/2020;17;2B;D_1
6227;Feu de végétation;1;04/02/2020;16;2A;D_2
6228;Feu de végétation;50;04/02/2020;10;2A;D_2
6229;Feu de végétation;5;05/02/2020;14;2A;D_2
6230;Feu de végétation;30;05/02/2020;1;2A;D_2
6231;Feu de végétation;1;05/02/2020;2;2A;D_2
6232;Feu de végétation;1;05/02/2020;18;2A;D_2
6233;Feu de végétation;1;06/02/2020;14;2A;D_2
6234;Feu de forêt;1500;06/02/2020;22;2B;D_1
6235;Feu de forêt;10000;06/02/2020;18;2B;D_1
6236;Feu de forêt;1000;06/02/2020;22;2B;D_1
6237;Feu de végétation;10;08/02/2020;19;2A;D_2
6238;Feu de forêt;8000;08/02/2020;9;2A;D_2
6239;Feu de végétation;10;08/02/2020;22;2A;D_2
6240;Feu de végétation;1;09/02/2020;1;2A;D_2
6241;Feu de forêt;741300;10/02/2020;22;2B;D_1
6242;Feu de forêt;20000;10/02/2020;11;2B;D_1
6243;Feu de forêt;20000;10/02/2020;4;2B;D_1
6244;Feu de forêt;196800;10/02/2020;16;2B;D_1
6245;Feu de forêt;3439400;10/02/2020;17;2B;D_1
6246;Feu de forêt;200000;11/02/2020;19;2B;D_1
6247;Feu de forêt;1000;11/02/2020;13;2B;D_1
6248;Feu de broussaille;90;11/02/2020;19;2A;D_2
6249;Feu de végétation;1;11/02/2020;4;2A;D_2
6250;Feu de végétation;10;11/02/2020;13;2B;D_1
6251;Feu de broussaille;300;11/02/2020;21;2B;D_1
6252;Feu de broussaille;300;12/02/2020;21;2B;D_1
6253;Feu de végétation;1;12/02/2020;6;2A;D_2
6254;Feu de broussaille;100;12/02/2020;6;2A;D_2
6255;Feu de végétation;50;13/02/2020;1;2A;D_2
6256;Feu de végétation;5;13/02/2020;17;2A;D_2
6257;Feu de végétation;50;13/02/2020;6;2A;D_2
6258;Feu de végétation;20;13/02/2020;10;2A;D_2
6259;Feu de végétation;5;15/02/2020;13;2A;D_2
6260;Feu de broussaille;72;17/02/2020;20;2B;D_1
6261;Feu de végétation;10;17/02/2020;22;2B;D_1
6262;Feu de broussaille;115;17/02/2020;5;2B;D_1
6263;Feu de végétation;1;18/02/2020;8;2A;D_2
6264;Feu de forêt;5000;21/02/2020;10;2A;D_2
6265;Feu de végétation;10;24/02/2020;17;2B;D_1
6266;Feu de végétation;30;24/02/2020;22;2B;D_1
6267;Feu de broussaille;520;25/02/2020;18;2A;D_2
6268;Feu de broussaille;200;25/02/2020;1;2B;D_1
6269;Feu de forêt;3000;25/02/2020;9;2B;D_1
6270;Feu de forêt;30000;26/02/2020;15;2B;D_1
6271;Feu de broussaille;500;26/02/2020;17;2B;D_1
6272;Feu de forêt;800;26/02/2020;12;2B;D_1
6273;Feu de forêt;1000;26/02/2020;17;2B;D_1
6274;Feu de végétation;5;26/02/2020;14;2A;D_2
6275;Feu de broussaille;100;26/02/2020;3;2B;D_1
6276;Feu de végétation;10;26/02/2020;21;2B;D_1
6277;Feu de forêt;250000;26/02/2020;6;2B;D_1
6278;Feu de forêt;9200;26/02/2020;5;2B;D_1
6279;Feu de broussaille;500;26/02/2020;2;2B;D_1
6280;Feu de broussaille;100;14/03/2020;5;2A;D_2
6281;Feu de végétation;1;14/03/2020;3;2A;D_2
6282;Feu de forêt;60000;15/03/2020;3;2A;D_2
6283;Feu de broussaille;125;16/03/2020;1;2A;D_2
6284;Feu de forêt;2000;18/03/2020;1;2A;D_2
6285;Feu de forêt;2000;19/03/2020;20;2A;D_2
6286;Feu de végétation;50;19/03/2020;7;2A;D_2
6287;Feu de forêt;3000;31/03/2020;13;2B;D_1
6288;Feu de forêt;20000;05/04/2020;13;2B;D_1
6289;Feu de broussaille;100;05/04/2020;18;2A;D_2
6290;Feu de forêt;1000;06/04/2020;2;2B;D_1
6291;Feu de végétation;1;06/04/2020;15;2A;D_2
6292;Feu de broussaille;200;08/04/2020;6;2B;D_1
6293;Feu de forêt;2000;10/04/2020;4;2B;D_1
6294;Feu de végétation;1;11/04/2020;6;2A;D_2
6295;Feu de forêt;1000;11/04/2020;4;2A;D_2
6296;Feu de forêt;800;11/04/2020;15;2B;D_1
6297;Feu de forêt;2000;12/04/2020;1;2B;D_1
6298;Feu de forêt;10000;12/04/2020;6;2B;D_1
6299;Feu de broussaille;100;12/04/2020;3;2A;D_2
6300;Feu de broussaille;80;14/04/2020;16;2A;D_2
6301;Feu de végétation;30;16/04/2020;7;2A;D_2
6302;Feu de forêt;35000;16/04/2020;15;2A;D_2
6303;Feu de forêt;10000;16/04/2020;10;2B;D_1
6304;Feu de végétation;50;16/04/2020;2;2A;D_2
6305;Feu de forêt;1500;16/04/2020;16;2A;D_2
6306;Feu de broussaille;500;17/04/2020;17;2A;D_2
6307;Feu de broussaille;400;18/04/2020;9;2A;D_2
6308;Feu de végétation;1;18/04/2020;6;2A;D_2
6309;Feu de forêt;4000;24/04/2020;6;2A;D_2
6310;Feu de forêt;2500;26/04/2020;22;2B;D_1
6311;Feu de végétation;30;05/05/2020;15;2A;D_2
6312;Feu de broussaille;100;06/05/2020;22;2A;D_2
6313;Feu de forêt;5000;07/05/2020;6;2B;D_1
6314;Feu de végétation;30;08/05/2020;18;2A;D_2
6315;Feu de broussaille;100;10/05/2020;3;2A;D_2
6316;Feu de broussaille;100;10/05/2020;15;2A;D_2
6317;Feu de broussaille;400;23/05/2020;22;2A;D_2
6318;Feu de broussaille;100;26/05/2020;11;2A;D_2
6319;Feu de végétation;50;26/05/2020;10;2B;D_1
6320;Feu de végétation;6;27/05/2020;6;2A;D_2
6321;Feu de forêt;3500;04/06/2020;21;2B;D_1
6322;Feu de forêt;898200;05/06/2020;20;2B;D_1
6323;Feu de forêt;2000;09/06/2020;9;2B;D_1
6324;Feu de forêt;13740;10/06/2020;3;2A;D_2
6325;Feu de forêt;600;12/06/2020;11;2B;D_1
6326;Feu de broussaille;400;12/06/2020;15;2B;D_1
6327;Feu de broussaille;500;13/06/2020;22;2B;D_1
6328;Feu de broussaille;475;14/06/2020;11;2A;D_2
6329;Feu de végétation;20;15/06/2020;14;2A;D_2
6330;Feu de broussaille;300;16/06/2020;14;2A;D_2
6331;Feu de forêt;2000;19/06/2020;13;2B;D_1
6332;Feu de broussaille;80;19/06/2020;18;2A;D_2
6333;Feu de broussaille;300;19/06/2020;16;2A;D_2
6334;Feu de forêt;1000;19/06/2020;14;2A;D_2
6335;Feu de broussaille;500;20/06/2020;21;2A;D_2
6336;Feu de broussaille;100;21/06/2020;20;2A;D_2
6337;Feu de forêt;3000;22/06/2020;10;2A;D_2
6338;Feu de broussaille;215;22/06/2020;3;2A;D_2
6339;Feu de forêt;20000;23/06/2020;12;2B;D_1
6340;Feu de forêt;1000;23/06/2020;22;2B;D_1
6341;Feu de broussaille;200;24/06/2020;6;2A;D_2
6342;Feu de végétation;1;24/06/2020;2;2A;D_2
6343;Feu de forêt;15000;25/06/2020;20;2B;D_1
6344;Feu de forêt;2500;26/06/2020;14;2A;D_2
6345;Feu de broussaille;150;27/06/2020;17;2B;D_1
6346;Feu de forêt;4000;28/06/2020;10;2B;D_1
6347;Feu de forêt;15000;30/06/2020;4;2B;D_1
6348;Feu de végétation;40;01/07/2020;18;2A;D_2
6349;Feu de végétation;1;02/07/2020;4;2A;D_2
6350;Feu de broussaille;100;04/07/2020;20;2A;D_2
6351;Feu de broussaille;400;04/07/2020;1;2A;D_2
6352;Feu de végétation;50;05/07/2020;11;2A;D_2
6353;Feu de broussaille;60;05/07/2020;10;2A;D_2
6354;Feu de forêt;5000;07/07/2020;19;2B;D_1
6355;Feu de végétation;30;08/07/2020;12;2A;D_2
6356;Feu de forêt;21346;12/07/2020;7;2A;D_2
6357;Feu de forêt;600;12/07/2020;11;2B;D_1
6358;Feu de forêt;322600;13/07/2020;12;2B;D_1
6359;Feu de broussaille;300;13/07/2020;12;2A;D_2
6360;Feu de broussaille;100;13/07/2020;20;2A;D_2
6361;Feu de végétation;50;14/07/2020;22;2A;D_2
6362;Feu de broussaille;500;15/07/2020;12;2B;D_1
6363;Feu de végétation;30;16/07/2020;7;2A;D_2
6364;Feu de végétation;30;17/07/2020;21;2A;D_2
6365;Feu de végétation;20;19/07/2020;10;2A;D_2
6366;Feu de forêt;2500;20/07/2020;21;2B;D_1
6367;Feu de forêt;33000;20/07/2020;10;2B;D_1
6368;Feu de broussaille;400;20/07/2020;11;2B;D_1
6369;Feu de végétation;10;24/07/2020;13;2A;D_2
6370;Feu de végétation;1;24/07/2020;22;2A;D_2
6371;Feu de broussaille;100;26/07/2020;15;2B;D_1
6372;Feu de végétation;1;26/07/2020;8;2A;D_2
6373;Feu de forêt;1300;27/07/2020;20;2A;D_2
6374;Feu de forêt;1035;28/07/2020;12;2A;D_2
6375;Feu de broussaille;80;28/07/2020;18;2A;D_2
6376;Feu de broussaille;150;29/07/2020;19;2A;D_2
6377;Feu de broussaille;150;29/07/2020;9;2B;D_1
6378;Feu de forêt;1800;02/08/2020;14;2A;D_2
6379;Feu de végétation;20;03/08/2020;2;2B;D_1
6380;Feu de forêt;194400;03/08/2020;18;2B;D_1
6381;Feu de végétation;6;04/08/2020;5;2A;D_2
6382;Feu de forêt;40000;04/08/2020;12;2B;D_1
6383;Feu de forêt;1000;04/08/2020;10;2B;D_1
6384;Feu de broussaille;100;05/08/2020;14;2A;D_2
6385;Feu de végétation;10;05/08/2020;11;2B;D_1
6386;Feu de forêt;34000;07/08/2020;2;2B;D_1
6387;Feu de forêt;50000;08/08/2020;8;2B;D_1
6388;Feu de broussaille;100;08/08/2020;2;2B;D_1
6389;Feu de broussaille;200;08/08/2020;12;2B;D_1
6390;Feu de végétation;25;08/08/2020;18;2B;D_1
6391;Feu de végétation;30;08/08/2020;11;2B;D_1
6392;Feu de végétation;25;09/08/2020;20;2A;D_2
6393;Feu de broussaille;400;11/08/2020;12;2A;D_2
6394;Feu de forêt;100000;13/08/2020;18;2A;D_2
6395;Feu de forêt;120000;13/08/2020;8;2A;D_2
6396;Feu de forêt;12800;13/08/2020;4;2B;D_1
6397;Feu de broussaille;150;14/08/2020;19;2A;D_2
6398;Feu de forêt;4900;14/08/2020;2;2B;D_1
6399;Feu de broussaille;100;14/08/2020;9;2A;D_2
6400;Feu de forêt;700;15/08/2020;15;2A;D_2
6401;Feu de végétation;1;15/08/2020;12;2A;D_2
6402;Feu de forêt;14100;16/08/2020;7;2B;D_1
6403;Feu de végétation;10;16/08/2020;9;2A;D_2
6404;Feu de végétation;1;18/08/2020;20;2A;D_2
6405;Feu de végétation;40;19/08/2020;8;2A;D_2
6406;Feu de végétation;5;19/08/2020;8;2A;D_2
6407;Feu de forêt;10000;20/08/2020;22;2A;D_2
6408;Feu de broussaille;400;20/08/2020;12;2B;D_1
6409;Feu de forêt;1000;21/08/2020;2;2B;D_1
6410;Feu de forêt;1000;21/08/2020;3;2B;D_1
6411;Feu de broussaille;60;22/08/2020;21;2A;D_2
6412;Feu de broussaille;400;23/08/2020;8;2A;D_2
6413;Feu de broussaille;100;24/08/2020;15;2A;D_2
6414;Feu de forêt;21290;24/08/2020;20;2B;D_1
6415;Feu de broussaille;120;25/08/2020;11;2B;D_1
6416;Feu de forêt;3000;27/08/2020;12;2B;D_1
6417;Feu de forêt;1848200;27/08/2020;5;2B;D_1
6418;Feu de forêt;1550;27/08/2020;14;2B;D_1
6419;Feu de broussaille;200;27/08/2020;8;2B;D_1
6420;Feu de végétation;7;29/08/2020;11;2A;D_2
6421;Feu de végétation;1;30/08/2020;11;2A;D_2
6422;Feu de végétation;50;30/08/2020;21;2A;D_2
6423;Feu de végétation;50;30/08/2020;19;2B;D_1
6424;Feu de végétation;1;30/08/2020;8;2A;D_2
6425;Feu de forêt;1118;03/09/2020;7;2A;D_2
6426;Feu de forêt;15000;06/09/2020;7;2B;D_1
6427;Feu de forêt;121520;06/09/2020;9;2B;D_1
6428;Feu de forêt;12250;06/09/2020;9;2B;D_1
6429;Feu de forêt;41300;06/09/2020;3;2B;D_1
6430;Feu de broussaille;100;07/09/2020;1;2A;D_2
6431;Feu de végétation;10;07/09/2020;18;2B;D_1
6432;Feu de forêt;15000;07/09/2020;3;2B;D_1
6433;Feu de forêt;2000;07/09/2020;6;2B;D_1
6434;Feu de végétation;2;07/09/2020;22;2B;D_1
6435;Feu de végétation;50;11/09/2020;2;2B;D_1
6436;Feu de végétation;5;11/09/2020;13;2B;D_1
6437;Feu de forêt;7000;11/09/2020;18;2B;D_1
6438;Feu de broussaille;100;12/09/2020;12;2B;D_1
6439;Feu de broussaille;500;12/09/2020;8;2B;D_1
6440;Feu de végétation;2;12/09/2020;14;2A;D_2
6441;Feu de végétation;10;13/09/2020;9;2A;D_2
6442;Feu de forêt;21660;14/09/2020;16;2B;D_1
6443;Feu de broussaille;300;17/09/2020;8;2B;D_1
6444;Feu de végétation;10;17/09/2020;10;2A;D_2
6445;Feu de végétation;30;18/09/2020;9;2B;D_1
6446;Feu de forêt;10100;18/09/2020;1;2B;D_1
6447;Feu de broussaille;100;20/09/2020;22;2B;D_1
6448;Feu de broussaille;80;21/09/2020;9;2A;D_2
6449;Feu de végétation;1;21/09/2020;12;2B;D_1
6450;Feu de forêt;10000;29/09/2020;2;2B;D_1
6451;Feu de forêt;10000;01/10/2020;5;2B;D_1
6452;Feu de forêt;8000;01/10/2020;20;2B;D_1
6453;Feu de végétation;35;01/10/2020;12;2A;D_2
6454;Feu de forêt;25000;03/10/2020;1;2B;D_1
6455;Feu de forêt;3000;08/10/2020;13;2B;D_1
6456;Feu de broussaille;100;10/10/2020;11;2B;D_1
6457;Feu de forêt;40000;10/10/2020;22;2B;D_1
6458;Feu de forêt;50000;11/10/2020;3;2B;D_1
6459;Feu de forêt;30000;11/10/2020;9;2B;D_1
6460;Feu de forêt;50000;11/10/2020;19;2B;D_1
6461;Feu de forêt;1200;21/10/2020;10;2B;D_1
6462;Feu de forêt;50000;23/10/2020;22;2A;D_2
6463;Feu de forêt;40000;24/10/2020;12;2B;D_1
6464;Feu de broussaille;516;25/10/2020;21;2A;D_2
6465;Feu de forêt;2000;25/10/2020;13;2B;D_1
6466;Feu de végétation;1;25/10/2020;19;2A;D_2
6467;Feu de végétation;1;26/10/2020;20;2A;D_2
6468;Feu de végétation;20;28/10/2020;6;2A;D_2
6469;Feu de forêt;1000;02/11/2020;11;2B;D_1
6470;Feu de végétation;30;05/11/2020;18;2A;D_2
6471;Feu de forêt;15000;05/11/2020;18;2B;D_1
6472;Feu de forêt;1000;05/11/2020;1;2B;D_1
6473;Feu de végétation;20;07/11/2020;13;2B;D_1
6474;Feu de forêt;70000;08/11/2020;9;2A;D_2
6475;Feu de forêt;3000;08/11/2020;21;2B;D_1
6476;Feu de végétation;50;09/11/2020;6;2A;D_2
6477;Feu de broussaille;100;09/11/2020;12;2A;D_2
6478;Feu de broussaille;500;10/11/2020;6;2B;D_1
6479;Feu de forêt;15000;10/11/2020;3;2B;D_1
6480;Feu de broussaille;500;10/11/2020;12;2A;D_2
6481;Feu de forêt;1200;18/11/2020;4;2B;D_1
6482;Feu de végétation;30;19/11/2020;8;2B;D_1
6483;Feu de broussaille;200;21/11/2020;12;2A;D_2
6484;Feu de forêt;17205;22/11/2020;2;2A;D_2
6485;Feu de forêt;2000;22/11/2020;6;2B;D_1
6486;Feu de forêt;600;26/11/2020;11;2A;D_2
6487;Feu de broussaille;100;29/01/2021;22;2B;D_1
6488;Feu de broussaille;300;29/01/2021;22;2B;D_1
6489;Feu de végétation;2;29/01/2021;22;2B;D_1
6490;Feu de végétation;2;29/01/2021;14;2B;D_1
6491;Feu de forêt;8000;29/01/2021;14;2B;D_1
6492;Feu de broussaille;150;29/01/2021;1;2B;D_1
6493;Feu de végétation;10;29/01/2021;20;2B;D_1
6494;Feu de forêt;50000;30/01/2021;5;2B;D_1
6495;Feu de forêt;15000;30/01/2021;3;2B;D_1
6496;Feu de forêt;10000;30/01/2021;12;2B;D_1
6497;Feu de végétation;10;02/02/2021;16;2A;D_2
6498;Feu de forêt;10000;04/02/2021;21;2B;D_1
6499;Feu de forêt;760;05/02/2021;11;2A;D_2
6500;Feu de forêt;2000;07/02/2021;16;2B;D_1
6501;Feu de végétation;5;08/02/2021;10;2A;D_2
6502;Feu de forêt;3000;17/02/2021;5;2B;D_1
6503;Feu de végétation;20;18/02/2021;17;2A;D_2
6504;Feu de végétation;10;21/02/2021;3;2B;D_1
6505;Feu de végétation;2;23/02/2021;21;2A;D_2
6506;Feu de végétation;1;23/02/2021;14;2A;D_2
6507;Feu de végétation;1;24/02/2021;3;2A;D_2
6508;Feu de broussaille;60;25/02/2021;21;2A;D_2
6509;Feu de forêt;40000;25/02/2021;2;2B;D_1
6510;Feu de forêt;3000;25/02/2021;9;2B;D_1
6511;Feu de forêt;65000;26/02/2021;16;2B;D_1
6512;Feu de végétation;1;27/02/2021;13;2A;D_2
6513;Feu de forêt;30000;27/02/2021;18;2B;D_1
6514;Feu de forêt;20000;28/02/2021;21;2B;D_1
6515;Feu de broussaille;360;28/02/2021;6;2A;D_2
6516;Feu de forêt;15000;02/03/2021;7;2B;D_1
6517;Feu de forêt;10000;02/03/2021;3;2B;D_1
6518;Feu de forêt;30000;02/03/2021;11;2B;D_1
6519;Feu de végétation;1;02/03/2021;21;2A;D_2
6520;Feu de forêt;10000;02/03/2021;15;2B;D_1
6521;Feu de forêt;120000;03/03/2021;3;2B;D_1
6522;Feu de broussaille;150;03/03/2021;10;2A;D_2
6523;Feu de forêt;4960;03/03/2021;8;2B;D_1
6524;Feu de forêt;5000;03/03/2021;21;2B;D_1
6525;Feu de broussaille;200;04/03/2021;13;2B;D_1
6526;Feu de broussaille;120;04/03/2021;6;2A;D_2
6527;Feu de forêt;130000;04/03/2021;19;2B;D_1
6528;Feu de forêt;25000;04/03/2021;12;2B;D_1
6529;Feu de forêt;25000;05/03/2021;7;2B;D_1
6530;Feu de forêt;20000;05/03/2021;10;2B;D_1
6531;Feu de broussaille;300;05/03/2021;18;2B;D_1
6532;Feu de forêt;3000;08/03/2021;18;2A;D_2
6533;Feu de forêt;100000;13/03/2021;10;2B;D_1
6534;Feu de forêt;170000;14/03/2021;16;2B;D_1
6535;Feu de forêt;15000;14/03/2021;9;2B;D_1
6536;Feu de forêt;1000;14/03/2021;21;2B;D_1
6537;Feu de forêt;5000;14/03/2021;4;2B;D_1
6538;Feu de broussaille;200;14/03/2021;8;2B;D_1
6539;Feu de forêt;2000;15/03/2021;6;2B;D_1
6540;Feu de forêt;2000;16/03/2021;13;2A;D_2
6541;Feu de broussaille;100;16/03/2021;15;2A;D_2
6542;Feu de forêt;20000;16/03/2021;5;2B;D_1
6543;Feu de broussaille;200;16/03/2021;9;2A;D_2
6544;Feu de forêt;3000;16/03/2021;15;2B;D_1
6545;Feu de forêt;30000;17/03/2021;14;2B;D_1
6546;Feu de forêt;30000;17/03/2021;17;2B;D_1
6547;Feu de forêt;3000;17/03/2021;15;2B;D_1
6548;Feu de forêt;5000;20/03/2021;14;2B;D_1
6549;Feu de forêt;3000;22/03/2021;20;2B;D_1
6550;Feu de forêt;700;23/03/2021;4;2A;D_2
6551;Feu de végétation;50;24/03/2021;1;2A;D_2
6552;Feu de forêt;1000;24/03/2021;3;2B;D_1
6553;Feu de forêt;8000;24/03/2021;12;2B;D_1
6554;Feu de forêt;1000;24/03/2021;20;2B;D_1
6555;Feu de forêt;40000;25/03/2021;7;2B;D_1
6556;Feu de broussaille;200;25/03/2021;20;2A;D_2
6557;Feu de forêt;2000;26/03/2021;4;2B;D_1
6558;Feu de broussaille;500;27/03/2021;20;2B;D_1
6559;Feu de forêt;123000;27/03/2021;1;2B;D_1
6560;Feu de forêt;2000;27/03/2021;18;2B;D_1
6561;Feu de forêt;12000;27/03/2021;14;2B;D_1
6562;Feu de forêt;1000;27/03/2021;3;2B;D_1
6563;Feu de broussaille;100;28/03/2021;4;2A;D_2
6564;Feu de forêt;10925;28/03/2021;17;2A;D_2
6565;Feu de broussaille;100;29/03/2021;9;2A;D_2
6566;Feu de forêt;5000;30/03/2021;16;2B;D_1
6567;Feu de forêt;3000;30/03/2021;22;2B;D_1
6568;Feu de forêt;1000;30/03/2021;11;2B;D_1
6569;Feu de forêt;10000;30/03/2021;14;2A;D_2
6570;Feu de forêt;489000;31/03/2021;14;2B;D_1
6571;Feu de forêt;800;01/04/2021;12;2B;D_1
6572;Feu de broussaille;300;01/04/2021;19;2B;D_1
6573;Feu de forêt;10000;01/04/2021;1;2B;D_1
6574;Feu de forêt;2000;01/04/2021;2;2B;D_1
6575;Feu de forêt;20000;01/04/2021;13;2B;D_1
6576;Feu de forêt;700;02/04/2021;20;2A;D_2
6577;Feu de broussaille;500;02/04/2021;7;2A;D_2
6578;Feu de forêt;5000;03/04/2021;4;2B;D_1
6579;Feu de forêt;5000;05/04/2021;3;2B;D_1
6580;Feu de végétation;50;05/04/2021;4;2B;D_1
6581;Feu de forêt;2000;06/04/2021;13;2B;D_1
6582;Feu de broussaille;300;06/04/2021;20;2A;D_2
6583;Feu de broussaille;200;06/04/2021;7;2B;D_1
6584;Feu de forêt;1500;08/04/2021;12;2B;D_1
6585;Feu de végétation;50;09/04/2021;17;2B;D_1
6586;Feu de broussaille;100;09/04/2021;7;2B;D_1
6587;Feu de broussaille;200;13/04/2021;4;2A;D_2
6588;Feu de forêt;800;16/04/2021;4;2A;D_2
6589;Feu de forêt;5000;24/04/2021;3;2B;D_1
6590;Feu de forêt;30000;25/04/2021;16;2A;D_2
6591;Feu de forêt;30000;26/04/2021;1;2B;D_1
6592;Feu de végétation;50;26/04/2021;16;2A;D_2
6593;Feu de végétation;1;26/04/2021;19;2A;D_2
6594;Feu de broussaille;200;26/04/2021;16;2A;D_2
6595;Feu de broussaille;200;06/05/2021;17;2B;D_1
6596;Feu de végétation;1;09/05/2021;19;2A;D_2
6597;Feu de broussaille;450;10/05/2021;2;2A;D_2
6598;Feu de végétation;10;10/05/2021;15;2A;D_2
6599;Feu de broussaille;200;10/05/2021;2;2A;D_2
6600;Feu de végétation;50;10/05/2021;14;2A;D_2
6601;Feu de forêt;80000;17/05/2021;20;2B;D_1
6602;Feu de forêt;49224;17/05/2021;3;2B;D_1
6603;Feu de broussaille;400;17/05/2021;11;2B;D_1
6604;Feu de végétation;10;18/05/2021;7;2A;D_2
6605;Feu de forêt;5000;19/05/2021;15;2B;D_1
6606;Feu de forêt;20000;20/05/2021;4;2B;D_1
6607;Feu de végétation;20;21/05/2021;7;2A;D_2
6608;Feu de végétation;50;22/05/2021;19;2A;D_2
6609;Feu de broussaille;150;26/05/2021;3;2A;D_2
6610;Feu de broussaille;150;26/05/2021;13;2B;D_1
6611;Feu de broussaille;200;27/05/2021;8;2A;D_2
6612;Feu de végétation;25;29/05/2021;7;2A;D_2
6613;Feu de forêt;20000;31/05/2021;19;2B;D_1
6614;Feu de forêt;20000;31/05/2021;1;2B;D_1
6615;Feu de végétation;15;01/06/2021;1;2A;D_2
6616;Feu de forêt;1095;03/06/2021;5;2A;D_2
6617;Feu de végétation;50;03/06/2021;7;2A;D_2
6618;Feu de végétation;50;03/06/2021;21;2A;D_2
6619;Feu de végétation;50;04/06/2021;19;2A;D_2
6620;Feu de végétation;6;04/06/2021;16;2A;D_2
6621;Feu de broussaille;400;05/06/2021;7;2A;D_2
6622;Feu de végétation;20;05/06/2021;11;2A;D_2
6623;Feu de végétation;10;06/06/2021;12;2A;D_2
6624;Feu de végétation;30;12/06/2021;4;2A;D_2
6625;Feu de végétation;20;13/06/2021;14;2A;D_2
6626;Feu de forêt;2000;13/06/2021;11;2A;D_2
6627;Feu de forêt;15000;13/06/2021;11;2B;D_1
6628;Feu de broussaille;200;13/06/2021;14;2A;D_2
6629;Feu de forêt;8000;13/06/2021;12;2B;D_1
6630;Feu de broussaille;100;14/06/2021;7;2A;D_2
6631;Feu de végétation;1;14/06/2021;1;2A;D_2
6632;Feu de broussaille;100;14/06/2021;9;2B;D_1
6633;Feu de végétation;10;15/06/2021;8;2B;D_1
6634;Feu de forêt;1500;15/06/2021;11;2B;D_1
6635;Feu de végétation;1;15/06/2021;4;2A;D_2
6636;Feu de forêt;10000;16/06/2021;8;2B;D_1
6637;Feu de végétation;50;16/06/2021;20;2A;D_2
6638;Feu de végétation;1;18/06/2021;8;2A;D_2
6639;Feu de broussaille;100;18/06/2021;5;2A;D_2
6640;Feu de forêt;8000;18/06/2021;3;2B;D_1
6641;Feu de végétation;50;20/06/2021;20;2A;D_2
6642;Feu de végétation;20;21/06/2021;21;2A;D_2
6643;Feu de végétation;6;23/06/2021;2;2A;D_2
6644;Feu de forêt;8000;23/06/2021;5;2B;D_1
6645;Feu de broussaille;341;25/06/2021;8;2A;D_2
6646;Feu de forêt;54000;25/06/2021;16;2A;D_2
6647;Feu de végétation;1;26/06/2021;8;2A;D_2
6648;Feu de végétation;1;26/06/2021;18;2A;D_2
6649;Feu de broussaille;400;30/06/2021;2;2B;D_1
6650;Feu de broussaille;300;30/06/2021;16;2A;D_2
6651;Feu de forêt;6000;01/07/2021;8;2B;D_1
6652;Feu de forêt;19000;01/07/2021;17;2B;D_1
6653;Feu de végétation;20;03/07/2021;6;2A;D_2
6654;Feu de broussaille;100;03/07/2021;4;2A;D_2
6655;Feu de forêt;52500;05/07/2021;21;2B;D_1
6656;Feu de végétation;15;07/07/2021;12;2A;D_2
6657;Feu de broussaille;300;08/07/2021;10;2B;D_1
6658;Feu de forêt;70000;09/07/2021;15;2A;D_2
6659;Feu de végétation;50;10/07/2021;13;2B;D_1
6660;Feu de végétation;5;10/07/2021;16;2A;D_2
6661;Feu de forêt;20000;13/07/2021;5;2B;D_1
6662;Feu de forêt;5000;14/07/2021;20;2B;D_1
6663;Feu de forêt;8000;14/07/2021;8;2B;D_1
6664;Feu de forêt;33400;14/07/2021;6;2B;D_1
6665;Feu de broussaille;60;14/07/2021;5;2A;D_2
6666;Feu de forêt;105050;14/07/2021;17;2B;D_1
6667;Feu de végétation;20;15/07/2021;6;2A;D_2
6668;Feu de végétation;1;16/07/2021;7;2B;D_1
6669;Feu de végétation;1;17/07/2021;9;2A;D_2
6670;Feu de broussaille;100;18/07/2021;16;2B;D_1
6671;Feu de forêt;600;18/07/2021;17;2B;D_1
6672;Feu de végétation;20;20/07/2021;19;2A;D_2
6673;Feu de végétation;1;21/07/2021;16;2A;D_2
6674;Feu de végétation;30;23/07/2021;11;2A;D_2
6675;Feu de végétation;30;24/07/2021;15;2A;D_2
6676;Feu de végétation;10;27/07/2021;16;2A;D_2
6677;Feu de forêt;2000;28/07/2021;18;2A;D_2
6678;Feu de végétation;10;29/07/2021;4;2A;D_2
6679;Feu de végétation;20;29/07/2021;18;2A;D_2
6680;Feu de végétation;15;29/07/2021;2;2B;D_1
6681;Feu de forêt;37000;29/07/2021;9;2A;D_2
6682;Feu de forêt;357000;29/07/2021;11;2A;D_2
6683;Feu de broussaille;200;29/07/2021;20;2A;D_2
6684;Feu de broussaille;500;31/07/2021;20;2A;D_2
6685;Feu de végétation;20;01/08/2021;17;2A;D_2
6686;Feu de végétation;20;01/08/2021;22;2A;D_2
6687;Feu de forêt;1128;01/08/2021;7;2B;D_1
6688;Feu de broussaille;517;02/08/2021;18;2B;D_1
6689;Feu de broussaille;500;02/08/2021;9;2A;D_2
6690;Feu de forêt;811;02/08/2021;3;2B;D_1
6691;Feu de forêt;78000;03/08/2021;18;2A;D_2
6692;Feu de végétation;2;03/08/2021;4;2B;D_1
6693;Feu de végétation;5;04/08/2021;22;2B;D_1
6694;Feu de végétation;1;05/08/2021;8;2A;D_2
6695;Feu de forêt;100000;07/08/2021;16;2B;D_1
6696;Feu de forêt;35000;07/08/2021;4;2A;D_2
6697;Feu de végétation;1;08/08/2021;19;2A;D_2
6698;Feu de végétation;1;10/08/2021;5;2A;D_2
6699;Feu de végétation;20;12/08/2021;19;2A;D_2
6700;Feu de broussaille;300;13/08/2021;13;2B;D_1
6701;Feu de broussaille;100;14/08/2021;19;2A;D_2
6702;Feu de forêt;8000;14/08/2021;19;2A;D_2
6703;Feu de forêt;3000;15/08/2021;9;2B;D_1
6704;Feu de broussaille;200;16/08/2021;3;2A;D_2
6705;Feu de végétation;10;16/08/2021;10;2A;D_2
6706;Feu de végétation;10;16/08/2021;1;2A;D_2
6707;Feu de végétation;50;16/08/2021;20;2A;D_2
6708;Feu de forêt;37000;16/08/2021;14;2B;D_1
6709;Feu de broussaille;400;17/08/2021;10;2A;D_2
6710;Feu de forêt;25900;19/08/2021;10;2B;D_1
6711;Feu de végétation;10;19/08/2021;19;2A;D_2
6712;Feu de broussaille;100;19/08/2021;19;2A;D_2
6713;Feu de végétation;1;20/08/2021;8;2A;D_2
6714;Feu de broussaille;120;20/08/2021;12;2A;D_2
6715;Feu de végétation;10;21/08/2021;9;2A;D_2
6716;Feu de forêt;3000;24/08/2021;16;2A;D_2
6717;Feu de forêt;25000;24/08/2021;3;2A;D_2
6718;Feu de broussaille;140;24/08/2021;22;2A;D_2
6719;Feu de broussaille;400;26/08/2021;18;2B;D_1
6720;Feu de broussaille;500;27/08/2021;17;2B;D_1
6721;Feu de végétation;30;27/08/2021;22;2A;D_2
6722;Feu de végétation;20;27/08/2021;20;2A;D_2
6723;Feu de forêt;18000;27/08/2021;6;2A;D_2
6724;Feu de forêt;8000;27/08/2021;20;2A;D_2
6725;Feu de forêt;3500;27/08/2021;11;2B;D_1
6726;Feu de broussaille;300;27/08/2021;19;2A;D_2
6727;Feu de forêt;1500;27/08/2021;22;2B;D_1
6728;Feu de broussaille;300;27/08/2021;9;2B;D_1
6729;Feu de broussaille;100;27/08/2021;14;2A;D_2
6730;Feu de broussaille;60;28/08/2021;20;2A;D_2
6731;Feu de broussaille;400;30/08/2021;15;2B;D_1
6732;Feu de broussaille;100;31/08/2021;14;2B;D_1
6733;Feu de broussaille;100;01/09/2021;4;2B;D_1
6734;Feu de forêt;8100;01/09/2021;11;2B;D_1
6735;Feu de végétation;20;02/09/2021;1;2A;D_2
6736;Feu de broussaille;300;02/09/2021;19;2A;D_2
6737;Feu de végétation;15;03/09/2021;7;2B;D_1
6738;Feu de forêt;1000;06/09/2021;14;2B;D_1
6739;Feu de forêt;4000;06/09/2021;10;2B;D_1
6740;Feu de forêt;2500;07/09/2021;3;2B;D_1
6741;Feu de forêt;12000;07/09/2021;9;2B;D_1
6742;Feu de forêt;334500;07/09/2021;9;2B;D_1
6743;Feu de forêt;1500;08/09/2021;20;2B;D_1
6744;Feu de forêt;3500;08/09/2021;12;2B;D_1
6745;Feu de forêt;5000;08/09/2021;9;2B;D_1
6746;Feu de broussaille;450;11/09/2021;15;2B;D_1
6747;Feu de forêt;17220;13/09/2021;7;2B;D_1
6748;Feu de végétation;20;15/09/2021;21;2B;D_1
6749;Feu de broussaille;120;16/09/2021;12;2B;D_1
6750;Feu de broussaille;500;20/09/2021;15;2B;D_1
6751;Feu de forêt;800;24/09/2021;18;2B;D_1
6752;Feu de forêt;1534;24/09/2021;2;2A;D_2
6753;Feu de végétation;30;25/09/2021;5;2B;D_1
6754;Feu de forêt;857;25/09/2021;4;2A;D_2
6755;Feu de forêt;2677;25/09/2021;16;2A;D_2
6756;Feu de broussaille;589;26/09/2021;15;2A;D_2
6757;Feu de végétation;40;28/09/2021;19;2B;D_1
6758;Feu de végétation;1;28/09/2021;5;2A;D_2
6759;Feu de végétation;2;30/09/2021;9;2A;D_2
6760;Feu de forêt;1000;30/09/2021;20;2B;D_1
6761;Feu de forêt;2200;30/09/2021;17;2A;D_2
6762;Feu de forêt;15000;01/10/2021;7;2B;D_1
6763;Feu de forêt;1000;01/10/2021;8;2B;D_1
6764;Feu de forêt;1335;04/10/2021;18;2A;D_2
6765;Feu de forêt;8000;08/10/2021;12;2A;D_2
6766;Feu de broussaille;532;09/10/2021;1;2A;D_2
6767;Feu de végétation;50;09/10/2021;8;2A;D_2
6768;Feu de forêt;12000;09/10/2021;3;2B;D_1
6769;Feu de végétation;15;09/10/2021;20;2B;D_1
6770;Feu de forêt;2000;10/10/2021;14;2A;D_2
6771;Feu de forêt;157305;10/10/2021;3;2A;D_2
6772;Feu de forêt;2000;10/10/2021;17;2A;D_2
6773;Feu de forêt;7957;10/10/2021;20;2A;D_2
6774;Feu de forêt;1054;10/10/2021;2;2A;D_2
6775;Feu de forêt;35400;11/10/2021;12;2A;D_2
6776;Feu de forêt;5000;11/10/2021;6;2B;D_1
6777;Feu de forêt;20000;11/10/2021;19;2B;D_1
6778;Feu de forêt;20000;11/10/2021;11;2B;D_1
6779;Feu de végétation;50;12/10/2021;10;2B;D_1
6780;Feu de forêt;1000;12/10/2021;2;2A;D_2
6781;Feu de végétation;4;12/10/2021;5;2A;D_2
6782;Feu de broussaille;500;12/10/2021;12;2B;D_1
6783;Feu de forêt;5000;13/10/2021;16;2B;D_1
6784;Feu de forêt;10000;13/10/2021;22;2B;D_1
6785;Feu de broussaille;303;13/10/2021;12;2A;D_2
6786;Feu de forêt;16000;14/10/2021;6;2A;D_2
6787;Feu de végétation;1;15/10/2021;16;2A;D_2
6788;Feu de forêt;30000;15/10/2021;3;2B;D_1
6789;Feu de forêt;2000;15/10/2021;2;2B;D_1
6790;Feu de forêt;3000;16/10/2021;14;2A;D_2
6791;Feu de forêt;1000;16/10/2021;15;2A;D_2
6792;Feu de forêt;30000;16/10/2021;9;2B;D_1
6793;Feu de forêt;20000;17/10/2021;7;2B;D_1
6794;Feu de végétation;5;19/10/2021;18;2A;D_2
6795;Feu de végétation;50;19/10/2021;12;2A;D_2
6796;Feu de forêt;3000;19/10/2021;10;2A;D_2
6797;Feu de forêt;2000;20/10/2021;5;2B;D_1
6798;Feu de forêt;3323;20/10/2021;17;2A;D_2
6799;Feu de forêt;6000;21/10/2021;9;2A;D_2
6800;Feu de forêt;7000;22/10/2021;10;2B;D_1
6801;Feu de forêt;12000;22/10/2021;19;2A;D_2
6802;Feu de forêt;20000;22/10/2021;11;2B;D_1
6803;Feu de forêt;184200;23/10/2021;14;2A;D_2
6804;Feu de végétation;25;23/10/2021;17;2A;D_2
6805;Feu de forêt;30000;24/10/2021;3;2B;D_1
6806;Feu de végétation;50;24/10/2021;9;2A;D_2
6807;Feu de forêt;10000;25/10/2021;19;2B;D_1
6808;Feu de forêt;106000;25/10/2021;9;2B;D_1
6809;Feu de végétation;50;26/10/2021;1;2A;D_2
6810;Feu de forêt;5000;26/10/2021;17;2B;D_1
6811;Feu de forêt;10000;26/10/2021;8;2B;D_1
6812;Feu de forêt;70000;26/10/2021;9;2B;D_1
6813;Feu de broussaille;100;26/10/2021;3;2B;D_1
6814;Feu de forêt;1500;26/10/2021;12;2B;D_1
6815;Feu de végétation;2;27/10/2021;21;2A;D_2
6816;Feu de forêt;30000;28/10/2021;19;2B;D_1
6817;Feu de forêt;3000;29/10/2021;10;2B;D_1
6818;Feu de forêt;8000;04/11/2021;11;2B;D_1
6819;Feu de végétation;10;20/11/2021;8;2A;D_2
6820;Feu de végétation;15;22/11/2021;2;2A;D_2
6821;Feu de forêt;6000;05/12/2021;3;2B;D_1
6822;Feu de broussaille;150;06/12/2021;5;2B;D_1
6823;Feu de forêt;600;17/12/2021;18;2A;D_2
6824;Feu de forêt;80000;19/12/2021;20;2B;D_1
6825;Feu de broussaille;60;19/12/2021;22;2A;D_2
6826;Feu de broussaille;500;24/12/2021;6;2B;D_1
6827;Feu de végétation;20;27/12/2021;10;2A;D_2
